tf_bnum	gene_bnum	tf_symbol	gene_symbol	cset_type	cset_id
b0064	b1497	araC	ydeM	positive,negative	positive_2_2,positive_2_3,negative_1_1
b0064	b1498	araC	ydeN	positive,negative	positive_2_2,positive_2_3,negative_1_1
b0069	b0066	sgrR	thiQ	positive,negative	positive_2_1,positive_2_3,negative_1_1
b0069	b0067	sgrR	thiP	positive,negative	positive_2_1,positive_2_3,negative_1_1
b0069	b0068	sgrR	thiB	positive,negative	positive_2_1,positive_2_3,negative_1_1
b0069	b0069	sgrR	sgrR	positive,negative	positive_2_1,positive_2_3,negative_1_1
b0076	b2756	leuO	casE	positive,negative	positive_2_1,positive_2_3,negative_1_1
b0076	b2757	leuO	casD	positive,negative	positive_2_1,positive_2_3,negative_1_1
b0076	b2758	leuO	casC	positive,negative	positive_2_1,positive_2_3,negative_1_1
b0076	b2759	leuO	casB	positive,negative	positive_2_1,positive_2_3,negative_1_1
b0076	b2760	leuO	casA	positive,negative	positive_2_1,positive_2_3,negative_1_1
b0080	b1852	cra	zwf	positive,negative	positive_2_2,positive_2_3,negative_2_2
b0080	b2927	cra	epd	positive,negative	positive_2_1,positive_2_3,negative_2_2
b0080	b4233	cra	mpl	positive,negative	positive_2_2,positive_2_3,negative_2_2
b0081	b0082	mraZ	rsmH	positive,negative	positive_2_1,positive_2_3,negative_2_1,negative_2_2
b0081	b0085	mraZ	murE	positive,negative	positive_2_1,positive_2_3,negative_2_2
b0081	b0088	mraZ	murD	positive,negative	positive_2_1,positive_2_3,negative_2_1,negative_2_2
b0081	b0093	mraZ	ftsQ	positive,negative	positive_2_1,positive_2_3,negative_2_1,negative_2_2
b0081	b0094	mraZ	ftsA	positive,negative	positive_2_1,positive_2_3,negative_2_2
b0081	b3742	mraZ	mioC	positive,negative	positive_2_1,positive_2_3,negative_2_2,negative_1_1
b0113	b0082	pdhR	rsmH	positive,negative	positive_2_1,positive_2_3,negative_2_1,negative_2_2
b0113	b0085	pdhR	murE	positive,negative	positive_2_1,positive_2_3,negative_2_2
b0113	b0088	pdhR	murD	positive,negative	positive_2_1,positive_2_3,negative_2_1,negative_2_2
b0113	b0093	pdhR	ftsQ	positive,negative	positive_2_1,positive_2_3,negative_2_1,negative_2_2
b0113	b0094	pdhR	ftsA	positive,negative	positive_2_1,positive_2_3,negative_2_2
b0113	b0154	pdhR	hemL	positive,negative	positive_2_2,positive_2_3,negative_2_2
b0113	b0460	pdhR	hha	positive,negative	positive_2_2,positive_2_3,negative_1_1
b0113	b0461	pdhR	tomB	positive,negative	positive_2_2,positive_2_3,negative_1_1
b0225	b0225	yafQ	yafQ	positive,negative	positive_2_1,positive_2_3,negative_1_1
b0225	b0226	yafQ	dinJ	positive,negative	positive_2_1,positive_2_3,negative_2_2,negative_1_1
b0226	b0225	dinJ	yafQ	positive,negative	positive_2_1,positive_2_3,negative_1_1
b0226	b0226	dinJ	dinJ	positive,negative	positive_2_1,positive_2_3,negative_2_2,negative_1_1
b0399	b0080	phoB	cra	positive,negative	positive_2_2,positive_2_3,negative_2_1,negative_2_2
b0399	b0397	phoB	sbcC	positive,negative	positive_2_1,positive_2_3,negative_1_1
b0399	b0398	phoB	sbcD	positive,negative	positive_2_1,positive_2_3,negative_1_1
b0399	b1129	phoB	phoQ	positive,negative	positive_2_2,positive_2_3,negative_2_1,negative_2_2,negative_1_1
b0399	b1540	phoB	ydfH	positive,negative	positive_2_1,positive_2_3,negative_1_1
b0399	b1782	phoB	mipA	positive,negative	positive_2_1,positive_2_3,negative_1_1
b0399	b1970	phoB	hiuH	positive,negative	positive_2_1,positive_2_3,negative_1_1
b0399	b1982	phoB	amn	positive,negative	positive_2_2,positive_2_3,negative_2_2
b0399	b3521	phoB	yhjC	positive,negative	positive_2_1,positive_2_3,negative_1_1
b0399	b4115	phoB	adiC	positive,negative	positive_2_2,positive_2_3,negative_1_1
b0413	b2235	nrdR	nrdB	positive,negative	positive_2_1,positive_2_3,negative_2_2
b0464	b0462	acrR	acrB	positive,negative	positive_2_1,positive_2_3,negative_2_2
b0464	b0463	acrR	acrA	positive,negative	positive_2_1,positive_2_3,negative_2_1,negative_2_2
b0571	b1970	cusR	hiuH	positive,negative	positive_2_1,positive_2_3,negative_1_1
b0676	b0675	nagC	umpH	positive,negative	positive_2_1,positive_2_3,negative_2_1,negative_2_2
b0676	b0676	nagC	nagC	positive,negative	positive_2_1,positive_2_3,negative_2_2
b0676	b1061	nagC	dinI	positive,negative	positive_2_2,positive_2_3,negative_1_1
b0676	b1497	nagC	ydeM	positive,negative	positive_2_2,positive_2_3,negative_1_1
b0676	b1498	nagC	ydeN	positive,negative	positive_2_2,positive_2_3,negative_1_1
b0683	b0167	fur	glnD	positive,negative	positive_2_2,positive_2_3,negative_2_1,negative_2_2
b0683	b1546	fur	tfaQ	positive,negative	positive_2_1,positive_2_3,negative_1_1
b0683	b1547	fur	stfQ	positive,negative	positive_2_1,positive_2_3,negative_1_1
b0683	b1821	fur	mntP	positive,negative	positive_2_2,positive_2_3,negative_1_1
b0683	b1852	fur	zwf	positive,negative	positive_2_2,positive_2_3,negative_2_2
b0683	b1905	fur	ftnA	positive,negative	positive_2_1,positive_2_3,negative_1_1
b0683	b3324	fur	gspC	positive,negative	positive_2_1,positive_2_3,negative_1_1
b0683	b3325	fur	gspD	positive,negative	positive_2_1,positive_2_3,negative_1_1
b0683	b3326	fur	gspE	positive,negative	positive_2_1,positive_2_3,negative_1_1
b0683	b3327	fur	gspF	positive,negative	positive_2_1,positive_2_3,negative_1_1
b0683	b3328	fur	gspG	positive,negative	positive_2_1,positive_2_3,negative_1_1
b0683	b3329	fur	gspH	positive,negative	positive_2_1,positive_2_3,negative_1_1
b0683	b3330	fur	gspI	positive,negative	positive_2_1,positive_2_3,negative_1_1
b0683	b3331	fur	gspJ	positive,negative	positive_2_1,positive_2_3,negative_1_1
b0683	b3332	fur	gspK	positive,negative	positive_2_1,positive_2_3,negative_1_1
b0683	b3333	fur	gspL	positive,negative	positive_2_1,positive_2_3,negative_1_1
b0683	b3334	fur	gspM	positive,negative	positive_2_1,positive_2_3,negative_1_1
b0683	b3335	fur	gspO	positive,negative	positive_2_1,positive_2_3,negative_1_1
b0817	b1821	mntR	mntP	positive,negative	positive_2_2,positive_2_3,negative_1_1
b0889	b2211	lrp	yojI	positive,negative	positive_2_2,positive_2_3,negative_1_1
b0889	b2923	lrp	argO	positive,negative	positive_2_1,positive_2_3,negative_1_1
b0889	b3572	lrp	avtA	positive,negative	positive_2_2,positive_2_3,negative_1_1
b0889	b4243	lrp	ridA	positive,negative	positive_2_1,positive_2_3,negative_1_1
b1013	b1651	rutR	gloA	positive,negative	positive_2_1,positive_2_3,negative_2_2
b1040	b0382	csgD	iraP	positive,negative	positive_2_2,positive_2_3,negative_1_1
b1040	b1003	csgD	yccJ	positive,negative	positive_2_1,positive_2_3,negative_1_1
b1040	b1004	csgD	wrbA	positive,negative	positive_2_1,positive_2_3,negative_1_1
b1040	b3156	csgD	yhbS	positive,negative	positive_2_1,positive_2_3,negative_1_1
b1130	b0154	phoP	hemL	positive,negative	positive_2_1,positive_2_3,negative_2_2
b1130	b0462	phoP	acrB	positive,negative	positive_2_2,positive_2_3,negative_2_2
b1130	b0463	phoP	acrA	positive,negative	positive_2_2,positive_2_3,negative_2_1,negative_2_2
b1130	b1129	phoP	phoQ	positive,negative	positive_2_1,positive_2_3,negative_2_1,negative_2_2
b1130	b1130	phoP	phoP	positive,negative	positive_2_1,positive_2_3,negative_2_2
b1130	b3037	phoP	ygiB	positive,negative	positive_2_2,positive_2_3,negative_2_2
b1130	b3038	phoP	ygiC	positive,negative	positive_2_2,positive_2_3,negative_2_2
b1130	b3431	phoP	glgX	positive,negative	positive_2_2,positive_2_3,negative_2_2
b1187	b0443	fadR	fadM	positive,negative	positive_2_2,positive_2_3,negative_1_1
b1187	b1091	fadR	fabH	positive,negative	positive_2_1,positive_2_3,negative_2_2
b1187	b1092	fadR	fabD	positive,negative	positive_2_1,positive_2_3,negative_2_2
b1187	b3081	fadR	fadH	positive,negative	positive_2_1,positive_2_3,negative_1_1
b1221	b1796	narL	yoaG	positive,negative	positive_2_1,positive_2_3,negative_1_1
b1221	b1797	narL	yeaR	positive,negative	positive_2_1,positive_2_3,negative_1_1
b1221	b2278	narL	nuoL	positive,negative	positive_2_2,positive_2_3,negative_2_2
b1221	b2285	narL	nuoE	positive,negative	positive_2_2,positive_2_3,negative_2_2
b1221	b4138	narL	dcuA	positive,negative	positive_2_1,positive_2_3,negative_2_2
b1275	b0602	cysB	ybdN	positive,negative	positive_2_2,positive_2_3,negative_1_1
b1275	b1287	cysB	yciW	positive,negative	positive_2_2,positive_2_3,negative_1_1
b1275	b1379	cysB	hslJ	positive,negative	positive_2_1,positive_2_3,negative_1_1
b1275	b1535	cysB	dgcZ	positive,negative	positive_2_2,positive_2_3,negative_1_1
b1275	b1810	cysB	yoaC	positive,negative	positive_2_2,positive_2_3,negative_1_1
b1275	b2852	cysB	ygeH	positive,negative	positive_2_2,positive_2_3,negative_1_1
b1299	b4742	puuR	ymjE	positive,negative	positive_2_1,positive_2_3,negative_1_1
b1323	b1323	tyrR	tyrR	positive,negative	positive_2_2,positive_2_3,negative_2_1,negative_2_2
b1328	b1323	pgrR	tyrR	positive,negative	positive_2_1,positive_2_3,negative_2_1,negative_2_2
b1334	b0167	fnr	glnD	positive,negative	positive_2_2,positive_2_3,negative_2_1,negative_2_2
b1334	b0602	fnr	ybdN	positive,negative	positive_2_2,positive_2_3,negative_1_1
b1334	b1160	fnr	iraM	positive,negative	positive_2_2,positive_2_3,negative_1_1
b1334	b1852	fnr	zwf	positive,negative	positive_2_2,positive_2_3,negative_2_2
b1334	b2278	fnr	nuoL	positive,negative	positive_2_1,positive_2_3,negative_2_2
b1334	b2285	fnr	nuoE	positive,negative	positive_2_1,positive_2_3,negative_2_2
b1334	b2866	fnr	xdhA	positive,negative	positive_2_2,positive_2_3,negative_1_1
b1334	b2867	fnr	xdhB	positive,negative	positive_2_2,positive_2_3,negative_1_1
b1334	b2868	fnr	xdhC	positive,negative	positive_2_2,positive_2_3,negative_1_1
b1334	b3493	fnr	pitA	positive,negative	positive_2_2,positive_2_3,negative_2_2
b1334	b3745	fnr	viaA	positive,negative	positive_2_1,positive_2_3,negative_1_1
b1334	b3746	fnr	ravA	positive,negative	positive_2_1,positive_2_3,negative_1_1
b1334	b4138	fnr	dcuA	positive,negative	positive_2_2,positive_2_3,negative_2_2
b1334	b4722	fnr	idlP	positive,negative	positive_2_2,positive_2_3,negative_1_1
b1334	b4742	fnr	ymjE	positive,negative	positive_2_2,positive_2_3,negative_1_1
b1434	b3607	sutR	cysE	positive,negative	positive_2_1,positive_2_3,negative_2_1,negative_2_2
b1499	b3922	ydeO	yiiS	positive,negative	positive_2_1,positive_2_3,negative_1_1
b1499	b3923	ydeO	uspD	positive,negative	positive_2_1,positive_2_3,negative_1_1
b1507	b2784	hipA	relA	positive,negative	positive_2_1,positive_2_3,negative_2_1,negative_2_2
b1508	b2784	hipB	relA	positive,negative	positive_2_1,positive_2_3,negative_2_1,negative_2_2
b1508	b3081	hipB	fadH	positive,negative	positive_2_1,positive_2_3,negative_1_1
b1531	b0342	marA	lacA	positive,negative	positive_2_1,positive_2_3,negative_1_1
b1531	b0343	marA	lacY	positive,negative	positive_2_1,positive_2_3,negative_1_1
b1531	b0344	marA	lacZ	positive,negative	positive_2_1,positive_2_3,negative_1_1
b1531	b0462	marA	acrB	positive,negative	positive_2_1,positive_2_3,negative_2_2
b1531	b0463	marA	acrA	positive,negative	positive_2_1,positive_2_3,negative_2_1,negative_2_2
b1531	b0578	marA	nfsB	positive,negative	positive_2_1,positive_2_3,negative_2_2
b1531	b0762	marA	acrZ	positive,negative	positive_2_2,positive_2_3,negative_1_1
b1531	b1852	marA	zwf	positive,negative	positive_2_1,positive_2_3,negative_2_2
b1531	b3037	marA	ygiB	positive,negative	positive_2_2,positive_2_3,negative_2_2
b1531	b3038	marA	ygiC	positive,negative	positive_2_2,positive_2_3,negative_2_2
b1531	b3191	marA	mlaB	positive,negative	positive_2_1,positive_2_3,negative_2_1,negative_2_2,negative_1_1
b1531	b3192	marA	mlaC	positive,negative	positive_2_1,positive_2_3,negative_2_1,negative_2_2,negative_1_1
b1531	b3193	marA	mlaD	positive,negative	positive_2_1,positive_2_3,negative_1_1
b1531	b3194	marA	mlaE	positive,negative	positive_2_1,positive_2_3,negative_1_1
b1531	b3195	marA	mlaF	positive,negative	positive_2_1,positive_2_3,negative_1_1
b1531	b4396	marA	rob	positive,negative	positive_2_1,positive_2_3,negative_2_2
b1570	b1568	dicA	ydfX	positive,negative	positive_2_1,positive_2_3,negative_1_1
b1570	b1569	dicA	dicC	positive,negative	positive_2_1,positive_2_3,negative_1_1
b1642	b2756	slyA	casE	positive,negative	positive_2_1,positive_2_3,negative_1_1
b1642	b2757	slyA	casD	positive,negative	positive_2_1,positive_2_3,negative_1_1
b1642	b2758	slyA	casC	positive,negative	positive_2_1,positive_2_3,negative_1_1
b1642	b2759	slyA	casB	positive,negative	positive_2_1,positive_2_3,negative_1_1
b1642	b2760	slyA	casA	positive,negative	positive_2_1,positive_2_3,negative_1_1
b1642	b3324	slyA	gspC	positive,negative	positive_2_1,positive_2_3,negative_1_1
b1642	b3325	slyA	gspD	positive,negative	positive_2_1,positive_2_3,negative_1_1
b1642	b3326	slyA	gspE	positive,negative	positive_2_1,positive_2_3,negative_1_1
b1642	b3327	slyA	gspF	positive,negative	positive_2_1,positive_2_3,negative_1_1
b1642	b3328	slyA	gspG	positive,negative	positive_2_1,positive_2_3,negative_1_1
b1642	b3329	slyA	gspH	positive,negative	positive_2_1,positive_2_3,negative_1_1
b1642	b3330	slyA	gspI	positive,negative	positive_2_1,positive_2_3,negative_1_1
b1642	b3331	slyA	gspJ	positive,negative	positive_2_1,positive_2_3,negative_1_1
b1642	b3332	slyA	gspK	positive,negative	positive_2_1,positive_2_3,negative_1_1
b1642	b3333	slyA	gspL	positive,negative	positive_2_1,positive_2_3,negative_1_1
b1642	b3334	slyA	gspM	positive,negative	positive_2_1,positive_2_3,negative_1_1
b1642	b3335	slyA	gspO	positive,negative	positive_2_1,positive_2_3,negative_1_1
b1649	b1651	nemR	gloA	positive,negative	positive_2_1,positive_2_3,negative_2_2
b1658	b2553	purR	glnB	positive,negative	positive_2_2,positive_2_3,negative_2_2
b1712	b0125	ihfA	hpt	positive,negative	positive_2_1,positive_2_3,negative_2_2
b1712	b0809	ihfA	glnQ	positive,negative	positive_2_1,positive_2_3,negative_2_2
b1712	b2278	ihfA	nuoL	positive,negative	positive_2_1,positive_2_3,negative_2_2
b1712	b2285	ihfA	nuoE	positive,negative	positive_2_1,positive_2_3,negative_2_2
b1712	b3461	ihfA	rpoH	positive,negative	positive_2_1,positive_2_3,negative_2_2
b1712	b4725	ihfA	rseD	positive,negative	positive_2_2,positive_2_3,negative_1_1
b1891	b2822	flhC	recC	positive,negative	positive_2_2,positive_2_3,negative_2_1,negative_2_2
b1916	b0093	sdiA	ftsQ	positive,negative	positive_2_1,positive_2_3,negative_2_1,negative_2_2
b1916	b0094	sdiA	ftsA	positive,negative	positive_2_1,positive_2_3,negative_2_2
b1916	b1707	sdiA	ydiV	positive,negative	positive_2_1,positive_2_3,negative_1_1
b1921	b2127	fliZ	mlrA	positive,negative	positive_2_1,positive_2_3,negative_1_1
b1988	b3741	nac	mnmG	positive,negative	positive_2_2,positive_2_3,negative_2_2
b1988	b3742	nac	mioC	positive,negative	positive_2_2,positive_2_3,negative_2_2
b2105	b2105	rcnR	rcnR	positive,negative	positive_2_1,positive_2_3,negative_1_1
b2127	b3190	mlrA	ibaG	positive,negative	positive_2_1,positive_2_3,negative_1_1
b2193	b1796	narP	yoaG	positive,negative	positive_2_2,positive_2_3,negative_1_1
b2193	b1797	narP	yeaR	positive,negative	positive_2_2,positive_2_3,negative_1_1
b2217	b0094	rcsB	ftsA	positive,negative	positive_2_1,positive_2_3,negative_2_2
b2217	b0392	rcsB	ykiA	positive,negative	positive_2_2,positive_2_3,negative_1_1
b2217	b0891	rcsB	lolA	positive,negative	positive_2_2,positive_2_3,negative_1_1
b2217	b0892	rcsB	rarA	positive,negative	positive_2_2,positive_2_3,negative_1_1
b2217	b1408	rcsB	ynbA	positive,negative	positive_2_2,positive_2_3,negative_1_1
b2217	b1409	rcsB	ynbB	positive,negative	positive_2_2,positive_2_3,negative_1_1
b2217	b1410	rcsB	ynbC	positive,negative	positive_2_2,positive_2_3,negative_1_1
b2217	b1411	rcsB	ynbD	positive,negative	positive_2_2,positive_2_3,negative_1_1
b2217	b1762	rcsB	ynjI	positive,negative	positive_2_2,positive_2_3,negative_1_1
b2217	b1877	rcsB	yecT	positive,negative	positive_2_2,positive_2_3,negative_1_1
b2217	b2115	rcsB	yehF	positive,negative	positive_2_2,positive_2_3,negative_1_1
b2217	b3013	rcsB	yqhG	positive,negative	positive_2_2,positive_2_3,negative_1_1
b2217	b3188	rcsB	sfsB	positive,negative	positive_2_2,positive_2_3,negative_1_1
b2217	b4115	rcsB	adiC	positive,negative	positive_2_1,positive_2_3,negative_1_1
b2217	b4725	rcsB	rseD	positive,negative	positive_2_1,positive_2_3,negative_1_1
b2684	b0462	mprA	acrB	positive,negative	positive_2_2,positive_2_3,negative_2_2
b2684	b0463	mprA	acrA	positive,negative	positive_2_2,positive_2_3,negative_2_1,negative_2_2
b2714	b0820	ascG	ybiT	positive,negative	positive_2_1,positive_2_3,negative_2_2
b2916	b2235	argP	nrdB	positive,negative	positive_2_1,positive_2_3,negative_2_2
b2916	b2923	argP	argO	positive,negative	positive_2_1,positive_2_3,negative_1_1
b2916	b3701	argP	dnaN	positive,negative	positive_2_1,positive_2_3,negative_2_1,negative_2_2
b2916	b3702	argP	dnaA	positive,negative	positive_2_1,positive_2_3,negative_2_1,negative_2_2
b3226	b4279	nanR	yjhB	positive,negative	positive_2_1,positive_2_3,negative_1_1
b3226	b4280	nanR	yjhC	positive,negative	positive_2_1,positive_2_3,negative_1_1
b3237	b3166	argR	truB	positive,negative	positive_2_1,positive_2_3,negative_2_2
b3237	b3170	argR	rimP	positive,negative	positive_2_1,positive_2_3,negative_2_2
b3237	b3957	argR	argE	positive,negative	positive_2_1,positive_2_3,negative_2_2
b3261	b0051	fis	rsmA	positive,negative	positive_2_2,positive_2_3,negative_2_1,negative_2_2
b3261	b0809	fis	glnQ	positive,negative	positive_2_2,positive_2_3,negative_2_2
b3261	b1274	fis	topA	positive,negative	positive_2_1,positive_2_3,negative_2_2
b3261	b1421	fis	trg	positive,negative	positive_2_2,positive_2_3,negative_1_1
b3261	b1796	fis	yoaG	positive,negative	positive_2_1,positive_2_3,negative_1_1
b3261	b1797	fis	yeaR	positive,negative	positive_2_1,positive_2_3,negative_1_1
b3261	b2235	fis	nrdB	positive,negative	positive_2_1,positive_2_3,negative_2_2
b3261	b2278	fis	nuoL	positive,negative	positive_2_1,positive_2_3,negative_2_2
b3261	b2285	fis	nuoE	positive,negative	positive_2_1,positive_2_3,negative_2_2
b3261	b3166	fis	truB	positive,negative	positive_2_2,positive_2_3,negative_2_2
b3261	b3170	fis	rimP	positive,negative	positive_2_2,positive_2_3,negative_2_2
b3261	b3699	fis	gyrB	positive,negative	positive_2_1,positive_2_3,negative_2_2
b3261	b3965	fis	trmA	positive,negative	positive_2_2,positive_2_3,negative_2_1,negative_2_2
b3264	b0462	envR	acrB	positive,negative	positive_2_1,positive_2_3,negative_2_2
b3264	b0463	envR	acrA	positive,negative	positive_2_1,positive_2_3,negative_2_1,negative_2_2
b3357	b0106	crp	hofC	positive,negative	positive_2_1,positive_2_3,negative_1_1
b3357	b0107	crp	hofB	positive,negative	positive_2_1,positive_2_3,negative_1_1
b3357	b0108	crp	ppdD	positive,negative	positive_2_1,positive_2_3,negative_1_1
b3357	b0109	crp	nadC	positive,negative	positive_2_2,positive_2_3,negative_1_1
b3357	b0125	crp	hpt	positive,negative	positive_2_1,positive_2_3,negative_2_2
b3357	b0189	crp	rof	positive,negative	positive_2_2,positive_2_3,negative_1_1
b3357	b0190	crp	yaeQ	positive,negative	positive_2_2,positive_2_3,negative_1_1
b3357	b0191	crp	arfB	positive,negative	positive_2_2,positive_2_3,negative_1_1
b3357	b0192	crp	nlpE	positive,negative	positive_2_2,positive_2_3,negative_1_1
b3357	b0675	crp	umpH	positive,negative	positive_2_1,positive_2_3,negative_2_1,negative_2_2
b3357	b0676	crp	nagC	positive,negative	positive_2_1,positive_2_3,negative_2_2
b3357	b0819	crp	ldtB	positive,negative	positive_2_2,positive_2_3,negative_2_2
b3357	b0820	crp	ybiT	positive,negative	positive_2_2,positive_2_3,negative_2_2
b3357	b1036	crp	ycdZ	positive,negative	positive_2_2,positive_2_3,negative_1_1
b3357	b1421	crp	trg	positive,negative	positive_2_1,positive_2_3,negative_1_1
b3357	b2009	crp	sbmC	positive,negative	positive_2_1,positive_2_3,negative_1_1
b3357	b2171	crp	yeiP	positive,negative	positive_2_2,positive_2_3,negative_1_1
b3357	b2235	crp	nrdB	positive,negative	positive_2_2,positive_2_3,negative_2_2
b3357	b2469	crp	narQ	positive,negative	positive_2_2,positive_2_3,negative_1_1
b3357	b2597	crp	raiA	positive,negative	positive_2_1,positive_2_3,negative_1_1
b3357	b2756	crp	casE	positive,negative	positive_2_1,positive_2_3,negative_1_1
b3357	b2757	crp	casD	positive,negative	positive_2_1,positive_2_3,negative_1_1
b3357	b2758	crp	casC	positive,negative	positive_2_1,positive_2_3,negative_1_1
b3357	b2759	crp	casB	positive,negative	positive_2_1,positive_2_3,negative_1_1
b3357	b2760	crp	casA	positive,negative	positive_2_1,positive_2_3,negative_1_1
b3357	b2784	crp	relA	positive,negative	positive_2_1,positive_2_3,negative_2_1,negative_2_2
b3357	b2927	crp	epd	positive,negative	positive_2_1,positive_2_3,negative_2_2
b3357	b3081	crp	fadH	positive,negative	positive_2_2,positive_2_3,negative_1_1
b3357	b3166	crp	truB	positive,negative	positive_2_1,positive_2_3,negative_2_2
b3357	b3170	crp	rimP	positive,negative	positive_2_1,positive_2_3,negative_2_2
b3357	b3240	crp	aaeB	positive,negative	positive_2_2,positive_2_3,negative_1_1
b3357	b3241	crp	aaeA	positive,negative	positive_2_2,positive_2_3,negative_1_1
b3357	b3242	crp	aaeX	positive,negative	positive_2_2,positive_2_3,negative_1_1
b3357	b3392	crp	hofP	positive,negative	positive_2_1,positive_2_3,negative_1_1
b3357	b3393	crp	hofO	positive,negative	positive_2_1,positive_2_3,negative_1_1
b3357	b3394	crp	hofN	positive,negative	positive_2_1,positive_2_3,negative_1_1
b3357	b3395	crp	hofM	positive,negative	positive_2_1,positive_2_3,negative_1_1
b3357	b3461	crp	rpoH	positive,negative	positive_2_1,positive_2_3,negative_2_2
b3357	b3608	crp	gpsA	positive,negative	positive_2_1,positive_2_3,negative_2_2,negative_1_1
b3357	b3609	crp	secB	positive,negative	positive_2_1,positive_2_3,negative_1_1
b3357	b3691	crp	dgoT	positive,negative	positive_2_1,positive_2_3,negative_1_1
b3357	b3693	crp	dgoK	positive,negative	positive_2_1,positive_2_3,negative_1_1
b3357	b3961	crp	oxyR	positive,negative	positive_2_2,positive_2_3,negative_2_1,negative_2_2
b3357	b4031	crp	xylE	positive,negative	positive_2_1,positive_2_3,negative_1_1
b3357	b4138	crp	dcuA	positive,negative	positive_2_2,positive_2_3,negative_2_2
b3357	b4173	crp	hflX	positive,negative	positive_2_1,positive_2_3,negative_2_2
b3357	b4175	crp	hflC	positive,negative	positive_2_1,positive_2_3,negative_2_2
b3357	b4233	crp	mpl	positive,negative	positive_2_2,positive_2_3,negative_2_2
b3357	b4406	crp	yaeP	positive,negative	positive_2_2,positive_2_3,negative_1_1
b3357	b4477	crp	dgoA	positive,negative	positive_2_1,positive_2_3,negative_1_1
b3357	b4478	crp	dgoD	positive,negative	positive_2_1,positive_2_3,negative_1_1
b3357	b4479	crp	dgoR	positive,negative	positive_2_1,positive_2_3,negative_1_1
b3357	b4502	crp	yeiW	positive,negative	positive_2_2,positive_2_3,negative_1_1
b3357	b4532	crp	hicA	positive,negative	positive_2_2,positive_2_3,negative_1_1
b3357	b4725	crp	rseD	positive,negative	positive_2_1,positive_2_3,negative_1_1
b3512	b4056	gadE	yjbQ	positive,negative	positive_2_2,positive_2_3,negative_1_1
b3512	b4057	gadE	yjbR	positive,negative	positive_2_2,positive_2_3,negative_1_1
b3512	b4115	gadE	adiC	positive,negative	positive_2_1,positive_2_3,negative_1_1
b3516	b0674	gadX	asnB	positive,negative	positive_2_2,positive_2_3,negative_2_2
b3516	b1333	gadX	uspE	positive,negative	positive_2_2,positive_2_3,negative_1_1
b3516	b1497	gadX	ydeM	positive,negative	positive_2_2,positive_2_3,negative_1_1
b3516	b1498	gadX	ydeN	positive,negative	positive_2_2,positive_2_3,negative_1_1
b3516	b1583	gadX	ynfB	positive,negative	positive_2_2,positive_2_3,negative_2_2,negative_1_1
b3516	b1584	gadX	speG	positive,negative	positive_2_2,positive_2_3,negative_1_1
b3516	b3966	gadX	btuB	positive,negative	positive_2_1,positive_2_3,negative_1_1
b3516	b3967	gadX	murI	positive,negative	positive_2_1,positive_2_3,negative_1_1
b3569	b4031	xylR	xylE	positive,negative	positive_2_1,positive_2_3,negative_1_1
b3702	b0779	dnaA	uvrB	positive,negative	positive_2_1,positive_2_3,negative_2_2
b3702	b2235	dnaA	nrdB	positive,negative	positive_2_1,positive_2_2,positive_2_3,negative_2_2
b3702	b3461	dnaA	rpoH	positive,negative	positive_2_2,positive_2_3,negative_2_2
b3702	b3701	dnaA	dnaN	positive,negative	positive_2_1,positive_2_3,negative_2_1,negative_2_2
b3702	b3702	dnaA	dnaA	positive,negative	positive_2_1,positive_2_3,negative_2_1,negative_2_2
b3702	b3863	dnaA	polA	positive,negative	positive_2_1,positive_2_3,negative_2_2
b3743	b3741	asnC	mnmG	positive,negative	positive_2_2,positive_2_3,negative_2_2
b3743	b3742	asnC	mioC	positive,negative	positive_2_2,positive_2_3,negative_2_2
b3753	b1623	rbsR	add	positive,negative	positive_2_1,positive_2_3,negative_1_1
b3868	b0809	glnG	glnQ	positive,negative	positive_2_1,positive_2_3,negative_2_2
b3868	b2784	glnG	relA	positive,negative	positive_2_1,positive_2_3,negative_2_1,negative_2_2
b3868	b4725	glnG	rseD	positive,negative	positive_2_1,positive_2_3,negative_1_1
b3912	b0161	cpxR	degP	positive,negative	positive_2_1,positive_2_3,negative_2_2
b3912	b0441	cpxR	ppiD	positive,negative	positive_2_1,positive_2_3,negative_2_2
b3912	b0460	cpxR	hha	positive,negative	positive_2_1,positive_2_3,negative_1_1
b3912	b0461	cpxR	tomB	positive,negative	positive_2_1,positive_2_3,negative_1_1
b3912	b0925	cpxR	ldtD	positive,negative	positive_2_1,positive_2_3,negative_1_1
b3912	b0970	cpxR	yccA	positive,negative	positive_2_1,positive_2_3,negative_1_1
b3912	b1113	cpxR	ldtC	positive,negative	positive_2_1,positive_2_3,negative_1_1
b3912	b1535	cpxR	dgcZ	positive,negative	positive_2_1,positive_2_3,negative_1_1
b3912	b1846	cpxR	yebE	positive,negative	positive_2_1,positive_2_3,negative_1_1
b3912	b2893	cpxR	dsbC	positive,negative	positive_2_2,positive_2_3,negative_2_1,negative_2_2
b3912	b3461	cpxR	rpoH	positive,negative	positive_2_2,positive_2_3,negative_2_2
b3912	b3859	cpxR	srkA	positive,negative	positive_2_1,positive_2_3,negative_2_1,negative_2_2
b3912	b3911	cpxR	cpxA	positive,negative	positive_2_1,positive_2_3,negative_2_1,negative_2_2
b3912	b3912	cpxR	cpxR	positive,negative	positive_2_1,positive_2_3,negative_2_2
b3912	b4159	cpxR	mscM	positive,negative	positive_2_2,positive_2_3,negative_1_1
b3912	b4160	cpxR	psd	positive,negative	positive_2_2,positive_2_3,negative_2_1,negative_2_2,negative_1_1
b3912	b4392	cpxR	slt	positive,negative	positive_2_1,positive_2_3,negative_1_1
b3912	b4490	cpxR	efeU	positive,negative	positive_2_1,positive_2_3,negative_1_1
b3912	b4725	cpxR	rseD	positive,negative	positive_2_2,positive_2_3,negative_1_1
b3934	b1036	cytR	ycdZ	positive,negative	positive_2_2,positive_2_3,negative_1_1
b3934	b3461	cytR	rpoH	positive,negative	positive_2_1,positive_2_3,negative_2_2
b3938	b0606	metJ	ahpF	positive,negative	positive_2_2,positive_2_3,negative_2_2
b3938	b2152	metJ	yeiB	positive,negative	positive_2_1,positive_2_3,negative_1_1
b3938	b2153	metJ	folE	positive,negative	positive_2_1,positive_2_3,negative_1_1
b3961	b0475	oxyR	hemH	positive,negative	positive_2_1,positive_2_3,negative_1_1
b3961	b0604	oxyR	dsbG	positive,negative	positive_2_1,positive_2_3,negative_1_1
b3961	b0606	oxyR	ahpF	positive,negative	positive_2_1,positive_2_3,negative_2_2
b3961	b1203	oxyR	ychF	positive,negative	positive_2_1,positive_2_3,negative_2_2
b3961	b2266	oxyR	elaB	positive,negative	positive_2_1,positive_2_3,negative_1_1
b3961	b3500	oxyR	gor	positive,negative	positive_2_2,positive_2_3,negative_2_2
b3961	b3961	oxyR	oxyR	positive,negative	positive_2_1,positive_2_3,negative_2_1,negative_2_2
b4000	b0687	hupA	seqA	positive,negative	positive_2_2,positive_2_3,negative_2_2
b4000	b0688	hupA	pgm	positive,negative	positive_2_2,positive_2_3,negative_2_2
b4043	b0085	lexA	murE	positive,negative	positive_2_2,positive_2_3,negative_2_2
b4043	b0088	lexA	murD	positive,negative	positive_2_2,positive_2_3,negative_2_1,negative_2_2
b4043	b0093	lexA	ftsQ	positive,negative	positive_2_2,positive_2_3,negative_2_1,negative_2_2
b4043	b0094	lexA	ftsA	positive,negative	positive_2_2,positive_2_3,negative_2_2
b4043	b0225	lexA	yafQ	positive,negative	positive_2_2,positive_2_3,negative_1_1
b4043	b0226	lexA	dinJ	positive,negative	positive_2_2,positive_2_3,negative_2_2,negative_1_1
b4043	b0779	lexA	uvrB	positive,negative	positive_2_1,positive_2_3,negative_2_2
b4043	b0890	lexA	ftsK	positive,negative	positive_2_1,positive_2_3,negative_2_2
b4043	b1061	lexA	dinI	positive,negative	positive_2_1,positive_2_3,negative_1_1
b4043	b1848	lexA	yebG	positive,negative	positive_2_2,positive_2_3,negative_1_1
b4043	b1913	lexA	uvrC	positive,negative	positive_2_2,positive_2_3,negative_2_1,negative_2_2
b4043	b1914	lexA	uvrY	positive,negative	positive_2_2,positive_2_3,negative_2_1,negative_2_2
b4043	b2009	lexA	sbmC	positive,negative	positive_2_2,positive_2_3,negative_1_1
b4043	b2115	lexA	yehF	positive,negative	positive_2_2,positive_2_3,negative_1_1
b4043	b2699	lexA	recA	positive,negative	positive_2_1,positive_2_3,negative_2_2
b4043	b2819	lexA	recD	positive,negative	positive_2_1,positive_2_3,negative_1_1
b4043	b2820	lexA	recB	positive,negative	positive_2_1,positive_2_3,negative_1_1
b4043	b3066	lexA	dnaG	positive,negative	positive_2_1,positive_2_3,negative_2_2
b4043	b3645	lexA	dinD	positive,negative	positive_2_2,positive_2_3,negative_1_1
b4043	b3813	lexA	uvrD	positive,negative	positive_2_2,positive_2_3,negative_2_1,negative_2_2
b4043	b3822	lexA	recQ	positive,negative	positive_2_2,positive_2_3,negative_1_1
b4043	b4043	lexA	lexA	positive,negative	positive_2_1,positive_2_3,negative_2_1,negative_2_2
b4043	b4059	lexA	ssb	positive,negative	positive_2_2,positive_2_3,negative_2_2
b4046	b0296	zur	ykgM	positive,negative	positive_2_2,positive_2_3,negative_1_1
b4046	b4506	zur	ykgO	positive,negative	positive_2_2,positive_2_3,negative_1_1
b4062	b0462	soxS	acrB	positive,negative	positive_2_1,positive_2_3,negative_2_2
b4062	b0463	soxS	acrA	positive,negative	positive_2_1,positive_2_3,negative_2_1,negative_2_2
b4062	b0578	soxS	nfsB	positive,negative	positive_2_1,positive_2_3,negative_2_2
b4062	b0684	soxS	fldA	positive,negative	positive_2_1,positive_2_3,negative_2_2
b4062	b0762	soxS	acrZ	positive,negative	positive_2_2,positive_2_3,negative_1_1
b4062	b1852	soxS	zwf	positive,negative	positive_2_1,positive_2_3,negative_2_2
b4062	b3037	soxS	ygiB	positive,negative	positive_2_2,positive_2_3,negative_2_2
b4062	b3038	soxS	ygiC	positive,negative	positive_2_2,positive_2_3,negative_2_2
b4062	b4396	soxS	rob	positive,negative	positive_2_1,positive_2_3,negative_2_2
b4113	b0460	basR	hha	positive,negative	positive_2_1,positive_2_3,negative_1_1
b4113	b0461	basR	tomB	positive,negative	positive_2_1,positive_2_3,negative_1_1
b4178	b0207	nsrR	dkgB	positive,negative	positive_2_2,positive_2_3,negative_1_1
b4178	b0353	nsrR	mhpT	positive,negative	positive_2_2,positive_2_3,negative_1_1
b4178	b1655	nsrR	mepH	positive,negative	positive_2_2,positive_2_3,negative_1_1
b4178	b1781	nsrR	yeaE	positive,negative	positive_2_2,positive_2_3,negative_1_1
b4178	b1796	nsrR	yoaG	positive,negative	positive_2_2,positive_2_3,negative_1_1
b4178	b1797	nsrR	yeaR	positive,negative	positive_2_2,positive_2_3,negative_1_1
b4178	b2559	nsrR	tadA	positive,negative	positive_2_2,positive_2_3,negative_1_1
b4178	b2560	nsrR	pgpC	positive,negative	positive_2_2,positive_2_3,negative_1_1
b4178	b3364	nsrR	tsgA	positive,negative	positive_2_2,positive_2_3,negative_1_1
b4178	b3785	nsrR	wzzE	positive,negative	positive_2_2,positive_2_3,negative_1_1
b4178	b3786	nsrR	wecB	positive,negative	positive_2_2,positive_2_3,negative_1_1
b4178	b3787	nsrR	wecC	positive,negative	positive_2_2,positive_2_3,negative_1_1
b4178	b3788	nsrR	rffG	positive,negative	positive_2_2,positive_2_3,negative_1_1
b4178	b3789	nsrR	rffH	positive,negative	positive_2_2,positive_2_3,negative_1_1
b4178	b3791	nsrR	wecE	positive,negative	positive_2_2,positive_2_3,negative_1_1
b4178	b3792	nsrR	wzxE	positive,negative	positive_2_2,positive_2_3,negative_1_1
b4178	b3793	nsrR	wzyE	positive,negative	positive_2_2,positive_2_3,negative_1_1
b4178	b4249	nsrR	bdcA	positive,negative	positive_2_2,positive_2_3,negative_1_1
b4178	b4481	nsrR	wecF	positive,negative	positive_2_2,positive_2_3,negative_1_1
b4260	b4260	pepA	pepA	positive,negative	positive_2_1,positive_2_3,negative_2_2,negative_1_1
b4365	b0786	yjjQ	ybhL	positive,negative	positive_2_2,positive_2_3,negative_1_1
b4365	b0987	yjjQ	gfcA	positive,negative	positive_2_1,positive_2_3,negative_1_1
b4365	b2603	yjjQ	yfiR	positive,negative	positive_2_2,positive_2_3,negative_1_1
b4365	b2605	yjjQ	yfiB	positive,negative	positive_2_2,positive_2_3,negative_1_1
b4365	b4522	yjjQ	ymiA	positive,negative	positive_2_2,positive_2_3,negative_1_1
b4365	b4523	yjjQ	yciX	positive,negative	positive_2_2,positive_2_3,negative_1_1
b4366	b0392	bglJ	ykiA	positive,negative	positive_2_2,positive_2_3,negative_1_1
b4366	b1408	bglJ	ynbA	positive,negative	positive_2_2,positive_2_3,negative_1_1
b4366	b1409	bglJ	ynbB	positive,negative	positive_2_2,positive_2_3,negative_1_1
b4366	b1410	bglJ	ynbC	positive,negative	positive_2_2,positive_2_3,negative_1_1
b4366	b1411	bglJ	ynbD	positive,negative	positive_2_2,positive_2_3,negative_1_1
b4366	b1762	bglJ	ynjI	positive,negative	positive_2_2,positive_2_3,negative_1_1
b4366	b1877	bglJ	yecT	positive,negative	positive_2_2,positive_2_3,negative_1_1
b4366	b2115	bglJ	yehF	positive,negative	positive_2_2,positive_2_3,negative_1_1
b4366	b3013	bglJ	yqhG	positive,negative	positive_2_2,positive_2_3,negative_1_1
b4366	b3188	bglJ	sfsB	positive,negative	positive_2_2,positive_2_3,negative_1_1
b4390	b0750	nadR	nadA	positive,negative	positive_2_2,positive_2_3,negative_1_1
b4390	b0751	nadR	pnuC	positive,negative	positive_2_2,positive_2_3,negative_2_2,negative_1_1
b4396	b0462	rob	acrB	positive,negative	positive_2_1,positive_2_3,negative_2_2
b4396	b0463	rob	acrA	positive,negative	positive_2_1,positive_2_3,negative_2_1,negative_2_2
b4396	b0578	rob	nfsB	positive,negative	positive_2_2,positive_2_3,negative_2_2
b4396	b0762	rob	acrZ	positive,negative	positive_2_2,positive_2_3,negative_1_1
b4396	b0819	rob	ldtB	positive,negative	positive_2_2,positive_2_3,negative_2_2
b4396	b1852	rob	zwf	positive,negative	positive_2_1,positive_2_3,negative_2_2
b4396	b3037	rob	ygiB	positive,negative	positive_2_2,positive_2_3,negative_2_2
b4396	b3038	rob	ygiC	positive,negative	positive_2_2,positive_2_3,negative_2_2
b4396	b4396	rob	rob	positive,negative	positive_2_1,positive_2_3,negative_2_2
b4398	b2464	creB	talA	positive,negative	positive_2_2,positive_2_3,negative_1_1
b4401	b0602	arcA	ybdN	positive,negative	positive_2_2,positive_2_3,negative_1_1
b4401	b1160	arcA	iraM	positive,negative	positive_2_2,positive_2_3,negative_1_1
b4401	b2278	arcA	nuoL	positive,negative	positive_2_1,positive_2_3,negative_2_2
b4401	b2285	arcA	nuoE	positive,negative	positive_2_1,positive_2_3,negative_2_2
b4401	b3081	arcA	fadH	positive,negative	positive_2_2,positive_2_3,negative_1_1
b4401	b4059	arcA	ssb	positive,negative	positive_2_1,positive_2_3,negative_2_2
b4401	b4742	arcA	ymjE	positive,negative	positive_2_2,positive_2_3,negative_1_1
