tf_bnum	tf_symbol	gene_bnum	gene_symbol	new_tf_symbol	test_tf	new_gene_symbol	test_gene
b0464	acrR	b0926	ycbK	acrR	TRUE	mepK	FALSE
b0464	acrR	b4235	pmbA	acrR	TRUE	tldE	FALSE
b2213	ada	b0926	ycbK	ada	TRUE	mepK	FALSE
b2213	ada	b4235	pmbA	ada	TRUE	tldE	FALSE
b4116	adiY	b0926	ycbK	adiY	TRUE	mepK	FALSE
b4116	adiY	b4235	pmbA	adiY	TRUE	tldE	FALSE
b3131	agaR	b0926	ycbK	agaR	TRUE	mepK	FALSE
b3131	agaR	b4235	pmbA	agaR	TRUE	tldE	FALSE
b4187	aidB	b0926	ycbK	aidB	TRUE	mepK	FALSE
b4187	aidB	b4235	pmbA	aidB	TRUE	tldE	FALSE
b2697	alaS	b0926	ycbK	alaS	TRUE	mepK	FALSE
b2697	alaS	b4235	pmbA	alaS	TRUE	tldE	FALSE
b0506	allR	b0926	ycbK	allR	TRUE	mepK	FALSE
b0506	allR	b4235	pmbA	allR	TRUE	tldE	FALSE
b0504	allS	b0926	ycbK	allS	TRUE	mepK	FALSE
b0504	allS	b4235	pmbA	allS	TRUE	tldE	FALSE
b2624	alpA	b0926	ycbK	alpA	TRUE	mepK	FALSE
b2624	alpA	b4235	pmbA	alpA	TRUE	tldE	FALSE
b4089	alsR	b0926	ycbK	alsR	TRUE	mepK	FALSE
b4089	alsR	b4235	pmbA	alsR	TRUE	tldE	FALSE
b0564	appY	b0926	ycbK	appY	TRUE	mepK	FALSE
b0564	appY	b4235	pmbA	appY	TRUE	tldE	FALSE
b0064	araC	b0926	ycbK	araC	TRUE	mepK	FALSE
b0064	araC	b4235	pmbA	araC	TRUE	tldE	FALSE
b4401	arcA	b0926	ycbK	arcA	TRUE	mepK	FALSE
b4401	arcA	b4235	pmbA	arcA	TRUE	tldE	FALSE
b2916	argP	b0926	ycbK	argP	TRUE	mepK	FALSE
b2916	argP	b4235	pmbA	argP	TRUE	tldE	FALSE
b3237	argR	b0926	ycbK	argR	TRUE	mepK	FALSE
b3237	argR	b4235	pmbA	argR	TRUE	tldE	FALSE
b3501	arsR	b0926	ycbK	arsR	TRUE	mepK	FALSE
b3501	arsR	b4235	pmbA	arsR	TRUE	tldE	FALSE
b2714	ascG	b0926	ycbK	ascG	TRUE	mepK	FALSE
b2714	ascG	b4235	pmbA	ascG	TRUE	tldE	FALSE
b3743	asnC	b0926	ycbK	asnC	TRUE	mepK	FALSE
b3743	asnC	b4235	pmbA	asnC	TRUE	tldE	FALSE
b2220	atoC	b0926	ycbK	atoC	TRUE	mepK	FALSE
b2220	atoC	b4235	pmbA	atoC	TRUE	tldE	FALSE
b3255	accB	b0926	ycbK	accB	TRUE	mepK	FALSE
b3255	accB	b4235	pmbA	accB	TRUE	tldE	FALSE
b2079	baeR	b0926	ycbK	baeR	TRUE	mepK	FALSE
b2079	baeR	b4235	pmbA	baeR	TRUE	tldE	FALSE
b4113	basR	b0926	ycbK	basR	TRUE	mepK	FALSE
b4113	basR	b4235	pmbA	basR	TRUE	tldE	FALSE
b0313	betI	b0926	ycbK	betI	TRUE	mepK	FALSE
b0313	betI	b4235	pmbA	betI	TRUE	tldE	FALSE
b3973	birA	b0926	ycbK	birA	TRUE	mepK	FALSE
b3973	birA	b4235	pmbA	birA	TRUE	tldE	FALSE
b1162	bluR	b0926	ycbK	bluR	TRUE	mepK	FALSE
b1162	bluR	b4235	pmbA	bluR	TRUE	tldE	FALSE
b0435	bolA	b0926	ycbK	bolA	TRUE	mepK	FALSE
b0435	bolA	b4235	pmbA	bolA	TRUE	tldE	FALSE
b2125	btsR	b0926	ycbK	btsR	TRUE	mepK	FALSE
b2125	btsR	b4235	pmbA	btsR	TRUE	tldE	FALSE
b3357	crp	b0926	ycbK	crp	TRUE	mepK	FALSE
b3357	crp	b4235	pmbA	crp	TRUE	tldE	FALSE
b4133	cadC	b0926	ycbK	cadC	TRUE	mepK	FALSE
b4133	cadC	b4235	pmbA	cadC	TRUE	tldE	FALSE
b0034	caiF	b0926	ycbK	caiF	TRUE	mepK	FALSE
b0034	caiF	b4235	pmbA	caiF	TRUE	tldE	FALSE
b1987	cbl	b0926	ycbK	cbl	TRUE	mepK	FALSE
b1987	cbl	b4235	pmbA	cbl	TRUE	tldE	FALSE
b0162	cdaR	b0926	ycbK	cdaR	TRUE	mepK	FALSE
b0162	cdaR	b4235	pmbA	cdaR	TRUE	tldE	FALSE
b0796	cecR	b0926	ycbK	cecR	TRUE	mepK	FALSE
b0796	cecR	b4235	pmbA	cecR	TRUE	tldE	FALSE
b1735	chbR	b0926	ycbK	chbR	TRUE	mepK	FALSE
b1735	chbR	b4235	pmbA	chbR	TRUE	tldE	FALSE
b1111	comR	b0926	ycbK	comR	TRUE	mepK	FALSE
b1111	comR	b4235	pmbA	comR	TRUE	tldE	FALSE
b3912	cpxR	b0926	ycbK	cpxR	TRUE	mepK	FALSE
b3912	cpxR	b4235	pmbA	cpxR	TRUE	tldE	FALSE
b0080	cra	b0926	ycbK	cra	TRUE	mepK	FALSE
b0080	cra	b4235	pmbA	cra	TRUE	tldE	FALSE
b4398	creB	b0926	ycbK	creB	TRUE	mepK	FALSE
b4398	creB	b4235	pmbA	creB	TRUE	tldE	FALSE
b1040	csgD	b0926	ycbK	csgD	TRUE	mepK	FALSE
b1040	csgD	b4235	pmbA	csgD	TRUE	tldE	FALSE
b3556	cspA	b0926	ycbK	cspA	TRUE	mepK	FALSE
b3556	cspA	b4235	pmbA	cspA	TRUE	tldE	FALSE
b3884	csqR	b0926	ycbK	csqR	TRUE	mepK	FALSE
b3884	csqR	b4235	pmbA	csqR	TRUE	tldE	FALSE
b0487	cueR	b0926	ycbK	cueR	TRUE	mepK	FALSE
b0487	cueR	b4235	pmbA	cueR	TRUE	tldE	FALSE
b0571	cusR	b0926	ycbK	cusR	TRUE	mepK	FALSE
b0571	cusR	b4235	pmbA	cusR	TRUE	tldE	FALSE
b0338	cynR	b0926	ycbK	cynR	TRUE	mepK	FALSE
b0338	cynR	b4235	pmbA	cynR	TRUE	tldE	FALSE
b1275	cysB	b0926	ycbK	cysB	TRUE	mepK	FALSE
b1275	cysB	b4235	pmbA	cysB	TRUE	tldE	FALSE
b3934	cytR	b0926	ycbK	cytR	TRUE	mepK	FALSE
b3934	cytR	b4235	pmbA	cytR	TRUE	tldE	FALSE
b3060	ttdR	b0926	ycbK	ttdR	TRUE	mepK	FALSE
b3060	ttdR	b4235	pmbA	ttdR	TRUE	tldE	FALSE
b4124	dcuR	b0926	ycbK	dcuR	TRUE	mepK	FALSE
b4124	dcuR	b4235	pmbA	dcuR	TRUE	tldE	FALSE
b0447	decR	b0926	ycbK	decR	TRUE	mepK	FALSE
b0447	decR	b4235	pmbA	decR	TRUE	tldE	FALSE
b0840	deoR	b0926	ycbK	deoR	TRUE	mepK	FALSE
b0840	deoR	b4235	pmbA	deoR	TRUE	tldE	FALSE
b4479	dgoR	b0926	ycbK	dgoR	TRUE	mepK	FALSE
b4479	dgoR	b4235	pmbA	dgoR	TRUE	tldE	FALSE
b1201	dhaR	b0926	ycbK	dhaR	TRUE	mepK	FALSE
b1201	dhaR	b4235	pmbA	dhaR	TRUE	tldE	FALSE
b1570	dicA	b0926	ycbK	dicA	TRUE	mepK	FALSE
b1570	dicA	b4235	pmbA	dicA	TRUE	tldE	FALSE
b0226	dinJ	b0926	ycbK	dinJ	TRUE	mepK	FALSE
b0226	dinJ	b4235	pmbA	dinJ	TRUE	tldE	FALSE
b0225	yafQ	b0926	ycbK	yafQ	TRUE	mepK	FALSE
b0225	yafQ	b4235	pmbA	yafQ	TRUE	tldE	FALSE
b3702	dnaA	b0926	ycbK	dnaA	TRUE	mepK	FALSE
b3702	dnaA	b4235	pmbA	dnaA	TRUE	tldE	FALSE
b0620	dpiA	b0926	ycbK	dpiA	TRUE	mepK	FALSE
b0620	dpiA	b4235	pmbA	dpiA	TRUE	tldE	FALSE
b2364	dsdC	b0926	ycbK	dsdC	TRUE	mepK	FALSE
b2364	dsdC	b4235	pmbA	dsdC	TRUE	tldE	FALSE
b3075	ebgR	b0926	ycbK	ebgR	TRUE	mepK	FALSE
b3075	ebgR	b4235	pmbA	ebgR	TRUE	tldE	FALSE
b3264	envR	b0926	ycbK	envR	TRUE	mepK	FALSE
b3264	envR	b4235	pmbA	envR	TRUE	tldE	FALSE
b0566	envY	b0926	ycbK	envY	TRUE	mepK	FALSE
b0566	envY	b4235	pmbA	envY	TRUE	tldE	FALSE
b2369	evgA	b0926	ycbK	evgA	TRUE	mepK	FALSE
b2369	evgA	b4235	pmbA	evgA	TRUE	tldE	FALSE
b3094	exuR	b0926	ycbK	exuR	TRUE	mepK	FALSE
b3094	exuR	b4235	pmbA	exuR	TRUE	tldE	FALSE
b1334	fnr	b0926	ycbK	fnr	TRUE	mepK	FALSE
b1334	fnr	b4235	pmbA	fnr	TRUE	tldE	FALSE
b3963	fabR	b0926	ycbK	fabR	TRUE	mepK	FALSE
b3963	fabR	b4235	pmbA	fabR	TRUE	tldE	FALSE
b1187	fadR	b0926	ycbK	fadR	TRUE	mepK	FALSE
b1187	fadR	b4235	pmbA	fadR	TRUE	tldE	FALSE
b1384	feaR	b0926	ycbK	feaR	TRUE	mepK	FALSE
b1384	feaR	b4235	pmbA	feaR	TRUE	tldE	FALSE
b2731	fhlA	b0926	ycbK	fhlA	TRUE	mepK	FALSE
b2731	fhlA	b4235	pmbA	fhlA	TRUE	tldE	FALSE
b3261	fis	b0926	ycbK	fis	TRUE	mepK	FALSE
b3261	fis	b4235	pmbA	fis	TRUE	tldE	FALSE
b1891	flhC	b0926	ycbK	flhC	TRUE	mepK	FALSE
b1891	flhC	b4235	pmbA	flhC	TRUE	tldE	FALSE
b1892	flhD	b0926	ycbK	flhD	TRUE	mepK	FALSE
b1892	flhD	b4235	pmbA	flhD	TRUE	tldE	FALSE
b1921	fliZ	b0926	ycbK	fliZ	TRUE	mepK	FALSE
b1921	fliZ	b4235	pmbA	fliZ	TRUE	tldE	FALSE
b0357	frmR	b0926	ycbK	frmR	TRUE	mepK	FALSE
b0357	frmR	b4235	pmbA	frmR	TRUE	tldE	FALSE
b2805	fucR	b0926	ycbK	fucR	TRUE	mepK	FALSE
b2805	fucR	b4235	pmbA	fucR	TRUE	tldE	FALSE
b0683	fur	b0926	ycbK	fur	TRUE	mepK	FALSE
b0683	fur	b4235	pmbA	fur	TRUE	tldE	FALSE
b3512	gadE	b0926	ycbK	gadE	TRUE	mepK	FALSE
b3512	gadE	b4235	pmbA	gadE	TRUE	tldE	FALSE
b2217	rcsB	b0926	ycbK	rcsB	TRUE	mepK	FALSE
b2217	rcsB	b4235	pmbA	rcsB	TRUE	tldE	FALSE
b3515	gadW	b0926	ycbK	gadW	TRUE	mepK	FALSE
b3515	gadW	b4235	pmbA	gadW	TRUE	tldE	FALSE
b3516	gadX	b0926	ycbK	gadX	TRUE	mepK	FALSE
b3516	gadX	b4235	pmbA	gadX	TRUE	tldE	FALSE
b2837	galR	b0926	ycbK	galR	TRUE	mepK	FALSE
b2837	galR	b4235	pmbA	galR	TRUE	tldE	FALSE
b2151	galS	b0926	ycbK	galS	TRUE	mepK	FALSE
b2151	galS	b4235	pmbA	galS	TRUE	tldE	FALSE
b4498	gatR	b0926	ycbK	gatR	TRUE	mepK	FALSE
b4498	gatR	b4235	pmbA	gatR	TRUE	tldE	FALSE
b2808	gcvA	b0926	ycbK	gcvA	TRUE	mepK	FALSE
b2808	gcvA	b4235	pmbA	gcvA	TRUE	tldE	FALSE
b2664	glaR	b0926	ycbK	glaR	TRUE	mepK	FALSE
b2664	glaR	b4235	pmbA	glaR	TRUE	tldE	FALSE
b2980	glcC	b0926	ycbK	glcC	TRUE	mepK	FALSE
b2980	glcC	b4235	pmbA	glcC	TRUE	tldE	FALSE
b3423	glpR	b0926	ycbK	glpR	TRUE	mepK	FALSE
b3423	glpR	b4235	pmbA	glpR	TRUE	tldE	FALSE
b2554	glrR	b0926	ycbK	glrR	TRUE	mepK	FALSE
b2554	glrR	b4235	pmbA	glrR	TRUE	tldE	FALSE
b3438	gntR	b0926	ycbK	gntR	TRUE	mepK	FALSE
b3438	gntR	b4235	pmbA	gntR	TRUE	tldE	FALSE
b2706	gutM	b0926	ycbK	gutM	TRUE	mepK	FALSE
b2706	gutM	b4235	pmbA	gutM	TRUE	tldE	FALSE
b1237	hns	b0926	ycbK	hns	TRUE	mepK	FALSE
b1237	hns	b4235	pmbA	hns	TRUE	tldE	FALSE
b4000	hupA	b0926	ycbK	hupA	TRUE	mepK	FALSE
b4000	hupA	b4235	pmbA	hupA	TRUE	tldE	FALSE
b0440	hupB	b0926	ycbK	hupB	TRUE	mepK	FALSE
b0440	hupB	b4235	pmbA	hupB	TRUE	tldE	FALSE
b2537	hcaR	b0926	ycbK	hcaR	TRUE	mepK	FALSE
b2537	hcaR	b4235	pmbA	hcaR	TRUE	tldE	FALSE
b4480	hdfR	b0926	ycbK	hdfR	TRUE	mepK	FALSE
b4480	hdfR	b4235	pmbA	hdfR	TRUE	tldE	FALSE
b3082	higA	b0926	ycbK	higA	TRUE	mepK	FALSE
b3082	higA	b4235	pmbA	higA	TRUE	tldE	FALSE
b3083	higB	b0926	ycbK	higB	TRUE	mepK	FALSE
b3083	higB	b4235	pmbA	higB	TRUE	tldE	FALSE
b1507	hipA	b0926	ycbK	hipA	TRUE	mepK	FALSE
b1507	hipA	b4235	pmbA	hipA	TRUE	tldE	FALSE
b1508	hipB	b0926	ycbK	hipB	TRUE	mepK	FALSE
b1508	hipB	b4235	pmbA	hipB	TRUE	tldE	FALSE
b1969	hprR	b0926	ycbK	hprR	TRUE	mepK	FALSE
b1969	hprR	b4235	pmbA	hprR	TRUE	tldE	FALSE
b2491	hyfR	b0926	ycbK	hyfR	TRUE	mepK	FALSE
b2491	hyfR	b4235	pmbA	hyfR	TRUE	tldE	FALSE
b4327	hypT	b0926	ycbK	hypT	TRUE	mepK	FALSE
b4327	hypT	b4235	pmbA	hypT	TRUE	tldE	FALSE
b1712	ihfA	b0926	ycbK	ihfA	TRUE	mepK	FALSE
b1712	ihfA	b4235	pmbA	ihfA	TRUE	tldE	FALSE
b0912	ihfB	b0926	ycbK	ihfB	TRUE	mepK	FALSE
b0912	ihfB	b4235	pmbA	ihfB	TRUE	tldE	FALSE
b4018	iclR	b0926	ycbK	iclR	TRUE	mepK	FALSE
b4018	iclR	b4235	pmbA	iclR	TRUE	tldE	FALSE
b4264	idnR	b0926	ycbK	idnR	TRUE	mepK	FALSE
b4264	idnR	b4235	pmbA	idnR	TRUE	tldE	FALSE
b3773	ilvY	b0926	ycbK	ilvY	TRUE	mepK	FALSE
b3773	ilvY	b4235	pmbA	ilvY	TRUE	tldE	FALSE
b2531	iscR	b0926	ycbK	iscR	TRUE	mepK	FALSE
b2531	iscR	b4235	pmbA	iscR	TRUE	tldE	FALSE
b1827	kdgR	b0926	ycbK	kdgR	TRUE	mepK	FALSE
b1827	kdgR	b4235	pmbA	kdgR	TRUE	tldE	FALSE
b0694	kdpE	b0926	ycbK	kdpE	TRUE	mepK	FALSE
b0694	kdpE	b4235	pmbA	kdpE	TRUE	tldE	FALSE
b0345	lacI	b0926	ycbK	lacI	TRUE	mepK	FALSE
b0345	lacI	b4235	pmbA	lacI	TRUE	tldE	FALSE
b0076	leuO	b0926	ycbK	leuO	TRUE	mepK	FALSE
b0076	leuO	b4235	pmbA	leuO	TRUE	tldE	FALSE
b4043	lexA	b0926	ycbK	lexA	TRUE	mepK	FALSE
b4043	lexA	b4235	pmbA	lexA	TRUE	tldE	FALSE
b3604	lldR	b0926	ycbK	lldR	TRUE	mepK	FALSE
b3604	lldR	b4235	pmbA	lldR	TRUE	tldE	FALSE
b2289	lrhA	b0926	ycbK	lrhA	TRUE	mepK	FALSE
b2289	lrhA	b4235	pmbA	lrhA	TRUE	tldE	FALSE
b0889	lrp	b0926	ycbK	lrp	TRUE	mepK	FALSE
b0889	lrp	b4235	pmbA	lrp	TRUE	tldE	FALSE
b1512	lsrR	b0926	ycbK	lsrR	TRUE	mepK	FALSE
b1512	lsrR	b4235	pmbA	lsrR	TRUE	tldE	FALSE
b2839	lysR	b0926	ycbK	lysR	TRUE	mepK	FALSE
b2839	lysR	b4235	pmbA	lysR	TRUE	tldE	FALSE
b1620	malI	b0926	ycbK	malI	TRUE	mepK	FALSE
b1620	malI	b4235	pmbA	malI	TRUE	tldE	FALSE
b3418	malT	b0926	ycbK	malT	TRUE	mepK	FALSE
b3418	malT	b4235	pmbA	malT	TRUE	tldE	FALSE
b1531	marA	b0926	ycbK	marA	TRUE	mepK	FALSE
b1531	marA	b4235	pmbA	marA	TRUE	tldE	FALSE
b1530	marR	b0926	ycbK	marR	TRUE	mepK	FALSE
b1530	marR	b4235	pmbA	marR	TRUE	tldE	FALSE
b0294	ecpR	b0926	ycbK	ecpR	TRUE	mepK	FALSE
b0294	ecpR	b4235	pmbA	ecpR	TRUE	tldE	FALSE
b2783	mazE	b0926	ycbK	mazE	TRUE	mepK	FALSE
b2783	mazE	b4235	pmbA	mazE	TRUE	tldE	FALSE
b2782	mazF	b0926	ycbK	mazF	TRUE	mepK	FALSE
b2782	mazF	b4235	pmbA	mazF	TRUE	tldE	FALSE
b1450	mcbR	b0926	ycbK	mcbR	TRUE	mepK	FALSE
b1450	mcbR	b4235	pmbA	mcbR	TRUE	tldE	FALSE
b4118	melR	b0926	ycbK	melR	TRUE	mepK	FALSE
b4118	melR	b4235	pmbA	melR	TRUE	tldE	FALSE
b3938	metJ	b0926	ycbK	metJ	TRUE	mepK	FALSE
b3938	metJ	b4235	pmbA	metJ	TRUE	tldE	FALSE
b3828	metR	b0926	ycbK	metR	TRUE	mepK	FALSE
b3828	metR	b4235	pmbA	metR	TRUE	tldE	FALSE
b0346	mhpR	b0926	ycbK	mhpR	TRUE	mepK	FALSE
b0346	mhpR	b4235	pmbA	mhpR	TRUE	tldE	FALSE
b1594	mlc	b0926	ycbK	mlc	TRUE	mepK	FALSE
b1594	mlc	b4235	pmbA	mlc	TRUE	tldE	FALSE
b2127	mlrA	b0926	ycbK	mlrA	TRUE	mepK	FALSE
b2127	mlrA	b4235	pmbA	mlrA	TRUE	tldE	FALSE
b0730	mngR	b0926	ycbK	mngR	TRUE	mepK	FALSE
b0730	mngR	b4235	pmbA	mngR	TRUE	tldE	FALSE
b0817	mntR	b0926	ycbK	mntR	TRUE	mepK	FALSE
b0817	mntR	b4235	pmbA	mntR	TRUE	tldE	FALSE
b0761	modE	b0926	ycbK	modE	TRUE	mepK	FALSE
b0761	modE	b4235	pmbA	modE	TRUE	tldE	FALSE
b2684	mprA	b0926	ycbK	mprA	TRUE	mepK	FALSE
b2684	mprA	b4235	pmbA	mprA	TRUE	tldE	FALSE
b3021	mqsA	b0926	ycbK	mqsA	TRUE	mepK	FALSE
b3021	mqsA	b4235	pmbA	mqsA	TRUE	tldE	FALSE
b0081	mraZ	b0926	ycbK	mraZ	TRUE	mepK	FALSE
b0081	mraZ	b4235	pmbA	mraZ	TRUE	tldE	FALSE
b2427	murR	b0926	ycbK	murR	TRUE	mepK	FALSE
b2427	murR	b4235	pmbA	murR	TRUE	tldE	FALSE
b1988	nac	b0926	ycbK	nac	TRUE	mepK	FALSE
b1988	nac	b4235	pmbA	nac	TRUE	tldE	FALSE
b4390	nadR	b0926	ycbK	nadR	TRUE	mepK	FALSE
b4390	nadR	b4235	pmbA	nadR	TRUE	tldE	FALSE
b0676	nagC	b0926	ycbK	nagC	TRUE	mepK	FALSE
b0676	nagC	b4235	pmbA	nagC	TRUE	tldE	FALSE
b3226	nanR	b0926	ycbK	nanR	TRUE	mepK	FALSE
b3226	nanR	b4235	pmbA	nanR	TRUE	tldE	FALSE
b1221	narL	b0926	ycbK	narL	TRUE	mepK	FALSE
b1221	narL	b4235	pmbA	narL	TRUE	tldE	FALSE
b2193	narP	b0926	ycbK	narP	TRUE	mepK	FALSE
b2193	narP	b4235	pmbA	narP	TRUE	tldE	FALSE
b1649	nemR	b0926	ycbK	nemR	TRUE	mepK	FALSE
b1649	nemR	b4235	pmbA	nemR	TRUE	tldE	FALSE
b3071	nfeR	b0926	ycbK	nfeR	TRUE	mepK	FALSE
b3071	nfeR	b4235	pmbA	nfeR	TRUE	tldE	FALSE
b0020	nhaR	b0926	ycbK	nhaR	TRUE	mepK	FALSE
b0020	nhaR	b4235	pmbA	nhaR	TRUE	tldE	FALSE
b3481	nikR	b0926	ycbK	nikR	TRUE	mepK	FALSE
b3481	nikR	b4235	pmbA	nikR	TRUE	tldE	FALSE
b1790	nimR	b0926	ycbK	nimR	TRUE	mepK	FALSE
b1790	nimR	b4235	pmbA	nimR	TRUE	tldE	FALSE
b2709	norR	b0926	ycbK	norR	TRUE	mepK	FALSE
b2709	norR	b4235	pmbA	norR	TRUE	tldE	FALSE
b0413	nrdR	b0926	ycbK	nrdR	TRUE	mepK	FALSE
b0413	nrdR	b4235	pmbA	nrdR	TRUE	tldE	FALSE
b4178	nsrR	b0926	ycbK	nsrR	TRUE	mepK	FALSE
b4178	nsrR	b4235	pmbA	nsrR	TRUE	tldE	FALSE
b3868	glnG	b0926	ycbK	glnG	TRUE	mepK	FALSE
b3868	glnG	b4235	pmbA	glnG	TRUE	tldE	FALSE
b3405	ompR	b0926	ycbK	ompR	TRUE	mepK	FALSE
b3405	ompR	b4235	pmbA	ompR	TRUE	tldE	FALSE
b3961	oxyR	b0926	ycbK	oxyR	TRUE	mepK	FALSE
b3961	oxyR	b4235	pmbA	oxyR	TRUE	tldE	FALSE
b1399	paaX	b0926	ycbK	paaX	TRUE	mepK	FALSE
b1399	paaX	b4235	pmbA	paaX	TRUE	tldE	FALSE
b0315	pdeL	b0926	ycbK	pdeL	TRUE	mepK	FALSE
b0315	pdeL	b4235	pmbA	pdeL	TRUE	tldE	FALSE
b0113	pdhR	b0926	ycbK	pdhR	TRUE	mepK	FALSE
b0113	pdhR	b4235	pmbA	pdhR	TRUE	tldE	FALSE
b4260	pepA	b0926	ycbK	pepA	TRUE	mepK	FALSE
b4260	pepA	b4235	pmbA	pepA	TRUE	tldE	FALSE
b1328	pgrR	b0926	ycbK	pgrR	TRUE	mepK	FALSE
b1328	pgrR	b4235	pmbA	pgrR	TRUE	tldE	FALSE
b0399	phoB	b0926	ycbK	phoB	TRUE	mepK	FALSE
b0399	phoB	b4235	pmbA	phoB	TRUE	tldE	FALSE
b1130	phoP	b0926	ycbK	phoP	TRUE	mepK	FALSE
b1130	phoP	b4235	pmbA	phoP	TRUE	tldE	FALSE
b0330	prpR	b0926	ycbK	prpR	TRUE	mepK	FALSE
b0330	prpR	b4235	pmbA	prpR	TRUE	tldE	FALSE
b1303	pspF	b0926	ycbK	pspF	TRUE	mepK	FALSE
b1303	pspF	b4235	pmbA	pspF	TRUE	tldE	FALSE
b1658	purR	b0926	ycbK	purR	TRUE	mepK	FALSE
b1658	purR	b4235	pmbA	purR	TRUE	tldE	FALSE
b1014	putA	b0926	ycbK	putA	TRUE	mepK	FALSE
b1014	putA	b4235	pmbA	putA	TRUE	tldE	FALSE
b1299	puuR	b0926	ycbK	puuR	TRUE	mepK	FALSE
b1299	puuR	b4235	pmbA	puuR	TRUE	tldE	FALSE
b2381	pyrR	b0926	ycbK	pyrR	TRUE	mepK	FALSE
b2381	pyrR	b4235	pmbA	pyrR	TRUE	tldE	FALSE
b3025	qseB	b0926	ycbK	qseB	TRUE	mepK	FALSE
b3025	qseB	b4235	pmbA	qseB	TRUE	tldE	FALSE
b1356	racR	b0926	ycbK	racR	TRUE	mepK	FALSE
b1356	racR	b4235	pmbA	racR	TRUE	tldE	FALSE
b3753	rbsR	b0926	ycbK	rbsR	TRUE	mepK	FALSE
b3753	rbsR	b4235	pmbA	rbsR	TRUE	tldE	FALSE
b0846	rcdA	b0926	ycbK	rcdA	TRUE	mepK	FALSE
b0846	rcdA	b4235	pmbA	rcdA	TRUE	tldE	FALSE
b0305	rclR	b0926	ycbK	rclR	TRUE	mepK	FALSE
b0305	rclR	b4235	pmbA	rclR	TRUE	tldE	FALSE
b2105	rcnR	b0926	ycbK	rcnR	TRUE	mepK	FALSE
b2105	rcnR	b4235	pmbA	rcnR	TRUE	tldE	FALSE
b1951	rcsA	b0926	ycbK	rcsA	TRUE	mepK	FALSE
b1951	rcsA	b4235	pmbA	rcsA	TRUE	tldE	FALSE
b4366	bglJ	b0926	ycbK	bglJ	TRUE	mepK	FALSE
b4366	bglJ	b4235	pmbA	bglJ	TRUE	tldE	FALSE
b1564	relB	b0926	ycbK	relB	TRUE	mepK	FALSE
b1564	relB	b4235	pmbA	relB	TRUE	tldE	FALSE
b1563	relE	b0926	ycbK	relE	TRUE	mepK	FALSE
b1563	relE	b4235	pmbA	relE	TRUE	tldE	FALSE
b3906	rhaR	b0926	ycbK	rhaR	TRUE	mepK	FALSE
b3906	rhaR	b4235	pmbA	rhaR	TRUE	tldE	FALSE
b3905	rhaS	b0926	ycbK	rhaS	TRUE	mepK	FALSE
b3905	rhaS	b4235	pmbA	rhaS	TRUE	tldE	FALSE
b4396	rob	b0926	ycbK	rob	TRUE	mepK	FALSE
b4396	rob	b4235	pmbA	rob	TRUE	tldE	FALSE
b1608	rstA	b0926	ycbK	rstA	TRUE	mepK	FALSE
b1608	rstA	b4235	pmbA	rstA	TRUE	tldE	FALSE
b3422	rtcR	b0926	ycbK	rtcR	TRUE	mepK	FALSE
b3422	rtcR	b4235	pmbA	rtcR	TRUE	tldE	FALSE
b1013	rutR	b0926	ycbK	rutR	TRUE	mepK	FALSE
b1013	rutR	b4235	pmbA	rutR	TRUE	tldE	FALSE
b1916	sdiA	b0926	ycbK	sdiA	TRUE	mepK	FALSE
b1916	sdiA	b4235	pmbA	sdiA	TRUE	tldE	FALSE
b0069	sgrR	b0926	ycbK	sgrR	TRUE	mepK	FALSE
b0069	sgrR	b4235	pmbA	sgrR	TRUE	tldE	FALSE
b1642	slyA	b0926	ycbK	slyA	TRUE	mepK	FALSE
b1642	slyA	b4235	pmbA	slyA	TRUE	tldE	FALSE
b4063	soxR	b0926	ycbK	soxR	TRUE	mepK	FALSE
b4063	soxR	b4235	pmbA	soxR	TRUE	tldE	FALSE
b4062	soxS	b0926	ycbK	soxS	TRUE	mepK	FALSE
b4062	soxS	b4235	pmbA	soxS	TRUE	tldE	FALSE
b2707	srlR	b0926	ycbK	srlR	TRUE	mepK	FALSE
b2707	srlR	b4235	pmbA	srlR	TRUE	tldE	FALSE
b2669	stpA	b0926	ycbK	stpA	TRUE	mepK	FALSE
b2669	stpA	b4235	pmbA	stpA	TRUE	tldE	FALSE
b1434	sutR	b0926	ycbK	sutR	TRUE	mepK	FALSE
b1434	sutR	b4235	pmbA	sutR	TRUE	tldE	FALSE
b3118	tdcA	b0926	ycbK	tdcA	TRUE	mepK	FALSE
b3118	tdcA	b4235	pmbA	tdcA	TRUE	tldE	FALSE
b3119	tdcR	b0926	ycbK	tdcR	TRUE	mepK	FALSE
b3119	tdcR	b4235	pmbA	tdcR	TRUE	tldE	FALSE
b0995	torR	b0926	ycbK	torR	TRUE	mepK	FALSE
b0995	torR	b4235	pmbA	torR	TRUE	tldE	FALSE
b4241	treR	b0926	ycbK	treR	TRUE	mepK	FALSE
b4241	treR	b4235	pmbA	treR	TRUE	tldE	FALSE
b4393	trpR	b0926	ycbK	trpR	TRUE	mepK	FALSE
b4393	trpR	b4235	pmbA	trpR	TRUE	tldE	FALSE
b1323	tyrR	b0926	ycbK	tyrR	TRUE	mepK	FALSE
b1323	tyrR	b4235	pmbA	tyrR	TRUE	tldE	FALSE
b3669	uhpA	b0926	ycbK	uhpA	TRUE	mepK	FALSE
b3669	uhpA	b4235	pmbA	uhpA	TRUE	tldE	FALSE
b1618	uidR	b0926	ycbK	uidR	TRUE	mepK	FALSE
b1618	uidR	b4235	pmbA	uidR	TRUE	tldE	FALSE
b4191	ulaR	b0926	ycbK	ulaR	TRUE	mepK	FALSE
b4191	ulaR	b4235	pmbA	ulaR	TRUE	tldE	FALSE
b1914	uvrY	b0926	ycbK	uvrY	TRUE	mepK	FALSE
b1914	uvrY	b4235	pmbA	uvrY	TRUE	tldE	FALSE
b4324	uxuR	b0926	ycbK	uxuR	TRUE	mepK	FALSE
b4324	uxuR	b4235	pmbA	uxuR	TRUE	tldE	FALSE
b2405	xapR	b0926	ycbK	xapR	TRUE	mepK	FALSE
b2405	xapR	b4235	pmbA	xapR	TRUE	tldE	FALSE
b3569	xylR	b0926	ycbK	xylR	TRUE	mepK	FALSE
b3569	xylR	b4235	pmbA	xylR	TRUE	tldE	FALSE
b0272	xynR	b0926	ycbK	xynR	TRUE	mepK	FALSE
b0272	xynR	b4235	pmbA	xynR	TRUE	tldE	FALSE
b1499	ydeO	b0926	ycbK	ydeO	TRUE	mepK	FALSE
b1499	ydeO	b4235	pmbA	ydeO	TRUE	tldE	FALSE
b1540	ydfH	b0926	ycbK	ydfH	TRUE	mepK	FALSE
b1540	ydfH	b4235	pmbA	ydfH	TRUE	tldE	FALSE
b1853	yebK	b0926	ycbK	yebK	TRUE	mepK	FALSE
b1853	yebK	b4235	pmbA	yebK	TRUE	tldE	FALSE
b2017	yefM	b0926	ycbK	yefM	TRUE	mepK	FALSE
b2017	yefM	b4235	pmbA	yefM	TRUE	tldE	FALSE
b4539	yoeB	b0926	ycbK	yoeB	TRUE	mepK	FALSE
b4539	yoeB	b4235	pmbA	yoeB	TRUE	tldE	FALSE
b2163	yeiL	b0926	ycbK	yeiL	TRUE	mepK	FALSE
b2163	yeiL	b4235	pmbA	yeiL	TRUE	tldE	FALSE
b3023	ygiV	b0926	ycbK	ygiV	TRUE	mepK	FALSE
b3023	ygiV	b4235	pmbA	ygiV	TRUE	tldE	FALSE
b3105	yhaJ	b0926	ycbK	yhaJ	TRUE	mepK	FALSE
b3105	yhaJ	b4235	pmbA	yhaJ	TRUE	tldE	FALSE
b3574	yiaJ	b0015	dnaJ	plaR	FALSE	dnaJ	TRUE
b3574	yiaJ	b0025	ribF	plaR	FALSE	ribF	TRUE
b3574	yiaJ	b0029	ispH	plaR	FALSE	ispH	TRUE
b3574	yiaJ	b0051	rsmA	plaR	FALSE	rsmA	TRUE
b3574	yiaJ	b0053	surA	plaR	FALSE	surA	TRUE
b3574	yiaJ	b0080	cra	plaR	FALSE	cra	TRUE
b3574	yiaJ	b0082	rsmH	plaR	FALSE	rsmH	TRUE
b3574	yiaJ	b0085	murE	plaR	FALSE	murE	TRUE
b3574	yiaJ	b0088	murD	plaR	FALSE	murD	TRUE
b3574	yiaJ	b0093	ftsQ	plaR	FALSE	ftsQ	TRUE
b3574	yiaJ	b0094	ftsA	plaR	FALSE	ftsA	TRUE
b3574	yiaJ	b0097	secM	plaR	FALSE	secM	TRUE
b3574	yiaJ	b0098	secA	plaR	FALSE	secA	TRUE
b3574	yiaJ	b0125	hpt	plaR	FALSE	hpt	TRUE
b3574	yiaJ	b0134	panB	plaR	FALSE	panB	TRUE
b3574	yiaJ	b0149	mrcB	plaR	FALSE	mrcB	TRUE
b3574	yiaJ	b0154	hemL	plaR	FALSE	hemL	TRUE
b3574	yiaJ	b0159	mtn	plaR	FALSE	mtn	TRUE
b3574	yiaJ	b0161	degP	plaR	FALSE	degP	TRUE
b3574	yiaJ	b0167	glnD	plaR	FALSE	glnD	TRUE
b3574	yiaJ	b0168	map	plaR	FALSE	map	TRUE
b3574	yiaJ	b0174	uppS	plaR	FALSE	uppS	TRUE
b3574	yiaJ	b0176	rseP	plaR	FALSE	rseP	TRUE
b3574	yiaJ	b0184	dnaE	plaR	FALSE	dnaE	TRUE
b3574	yiaJ	b0222	gmhA	plaR	FALSE	gmhA	TRUE
b3574	yiaJ	b0224	ldtF	plaR	FALSE	ldtF	TRUE
b3574	yiaJ	b0226	dinJ	plaR	FALSE	dinJ	TRUE
b3574	yiaJ	b0242	proB	plaR	FALSE	proB	TRUE
b3574	yiaJ	b0243	proA	plaR	FALSE	proA	TRUE
b3574	yiaJ	b0369	hemB	plaR	FALSE	hemB	TRUE
b3574	yiaJ	b0391	ppnP	plaR	FALSE	ppnP	TRUE
b3574	yiaJ	b0409	secF	plaR	FALSE	secF	TRUE
b3574	yiaJ	b0414	ribD	plaR	FALSE	ribD	TRUE
b3574	yiaJ	b0416	nusB	plaR	FALSE	nusB	TRUE
b3574	yiaJ	b0420	dxs	plaR	FALSE	dxs	TRUE
b3574	yiaJ	b0421	ispA	plaR	FALSE	ispA	TRUE
b3574	yiaJ	b0422	xseB	plaR	FALSE	xseB	TRUE
b3574	yiaJ	b0434	yajG	plaR	FALSE	yajG	TRUE
b3574	yiaJ	b0437	clpP	plaR	FALSE	clpP	TRUE
b3574	yiaJ	b0441	ppiD	plaR	FALSE	ppiD	TRUE
b3574	yiaJ	b0462	acrB	plaR	FALSE	acrB	TRUE
b3574	yiaJ	b0463	acrA	plaR	FALSE	acrA	TRUE
b3574	yiaJ	b0465	mscK	plaR	FALSE	mscK	TRUE
b3574	yiaJ	b0470	dnaX	plaR	FALSE	dnaX	TRUE
b3574	yiaJ	b0470	dnaX	plaR	FALSE	dnaX	TRUE
b3574	yiaJ	b0471	ybaB	plaR	FALSE	ybaB	TRUE
b3574	yiaJ	b0472	recR	plaR	FALSE	recR	TRUE
b3574	yiaJ	b0480	ushA	plaR	FALSE	ushA	TRUE
b3574	yiaJ	b0492	cnoX	plaR	FALSE	cnoX	TRUE
b3574	yiaJ	b0506	allR	plaR	FALSE	allR	TRUE
b3574	yiaJ	b0526	cysS	plaR	FALSE	cysS	TRUE
b3574	yiaJ	b0529	folD	plaR	FALSE	folD	TRUE
b3574	yiaJ	b0578	nfsB	plaR	FALSE	nfsB	TRUE
b3574	yiaJ	b0606	ahpF	plaR	FALSE	ahpF	TRUE
b3574	yiaJ	b0631	ybeD	plaR	FALSE	ybeD	TRUE
b3574	yiaJ	b0632	dacA	plaR	FALSE	dacA	TRUE
b3574	yiaJ	b0633	rlpA	plaR	FALSE	rlpA	TRUE
b3574	yiaJ	b0641	lptE	plaR	FALSE	lptE	TRUE
b3574	yiaJ	b0658	ybeX	plaR	FALSE	ybeX	TRUE
b3574	yiaJ	b0659	ybeY	plaR	FALSE	ybeY	TRUE
b3574	yiaJ	b0660	ybeZ	plaR	FALSE	ybeZ	TRUE
b3574	yiaJ	b0661	miaB	plaR	FALSE	miaB	TRUE
b3574	yiaJ	b0674	asnB	plaR	FALSE	asnB	TRUE
b3574	yiaJ	b0675	umpH	plaR	FALSE	umpH	TRUE
b3574	yiaJ	b0676	nagC	plaR	FALSE	nagC	TRUE
b3574	yiaJ	b0684	fldA	plaR	FALSE	fldA	TRUE
b3574	yiaJ	b0687	seqA	plaR	FALSE	seqA	TRUE
b3574	yiaJ	b0688	pgm	plaR	FALSE	pgm	TRUE
b3574	yiaJ	b0710	ybgI	plaR	FALSE	ybgI	TRUE
b3574	yiaJ	b0751	pnuC	plaR	FALSE	pnuC	TRUE
b3574	yiaJ	b0779	uvrB	plaR	FALSE	uvrB	TRUE
b3574	yiaJ	b0801	hcxB	plaR	FALSE	hcxB	TRUE
b3574	yiaJ	b0809	glnQ	plaR	FALSE	glnQ	TRUE
b3574	yiaJ	b0819	ldtB	plaR	FALSE	ldtB	TRUE
b3574	yiaJ	b0820	ybiT	plaR	FALSE	ybiT	TRUE
b3574	yiaJ	b0830	gsiB	plaR	FALSE	gsiB	TRUE
b3574	yiaJ	b0890	ftsK	plaR	FALSE	ftsK	TRUE
b3574	yiaJ	b0910	cmk	plaR	FALSE	cmk	TRUE
b3574	yiaJ	b0914	msbA	plaR	FALSE	msbA	TRUE
b3574	yiaJ	b0923	mukE	plaR	FALSE	mukE	TRUE
b3574	yiaJ	b0924	mukB	plaR	FALSE	mukB	TRUE
b3574	yiaJ	b0926	ycbK	plaR	FALSE	mepK	FALSE
b3574	yiaJ	b0927	gloC	plaR	FALSE	gloC	TRUE
b3574	yiaJ	b0955	ycbZ	plaR	FALSE	ycbZ	TRUE
b3574	yiaJ	b0962	helD	plaR	FALSE	helD	TRUE
b3574	yiaJ	b0963	mgsA	plaR	FALSE	mgsA	TRUE
b3574	yiaJ	b1034	ycdX	plaR	FALSE	ycdX	TRUE
b3574	yiaJ	b1049	opgH	plaR	FALSE	opgH	TRUE
b3574	yiaJ	b1059	solA	plaR	FALSE	solA	TRUE
b3574	yiaJ	b1064	grxB	plaR	FALSE	grxB	TRUE
b3574	yiaJ	b1085	yceQ	plaR	FALSE	yceQ	TRUE
b3574	yiaJ	b1087	yceF	plaR	FALSE	yceF	TRUE
b3574	yiaJ	b1090	plsX	plaR	FALSE	plsX	TRUE
b3574	yiaJ	b1091	fabH	plaR	FALSE	fabH	TRUE
b3574	yiaJ	b1092	fabD	plaR	FALSE	fabD	TRUE
b3574	yiaJ	b1103	hinT	plaR	FALSE	hinT	TRUE
b3574	yiaJ	b1104	ycfL	plaR	FALSE	ycfL	TRUE
b3574	yiaJ	b1105	lpoB	plaR	FALSE	lpoB	TRUE
b3574	yiaJ	b1107	nagZ	plaR	FALSE	nagZ	TRUE
b3574	yiaJ	b1108	ycfP	plaR	FALSE	ycfP	TRUE
b3574	yiaJ	b1114	mfd	plaR	FALSE	mfd	TRUE
b3574	yiaJ	b1123	potD	plaR	FALSE	potD	TRUE
b3574	yiaJ	b1128	roxA	plaR	FALSE	roxA	TRUE
b3574	yiaJ	b1129	phoQ	plaR	FALSE	phoQ	TRUE
b3574	yiaJ	b1130	phoP	plaR	FALSE	phoP	TRUE
b3574	yiaJ	b1133	mnmA	plaR	FALSE	mnmA	TRUE
b3574	yiaJ	b1174	minE	plaR	FALSE	minE	TRUE
b3574	yiaJ	b1176	minC	plaR	FALSE	minC	TRUE
b3574	yiaJ	b1203	ychF	plaR	FALSE	ychF	TRUE
b3574	yiaJ	b1208	ispE	plaR	FALSE	ispE	TRUE
b3574	yiaJ	b1214	ychA	plaR	FALSE	ychA	TRUE
b3574	yiaJ	b1215	kdsA	plaR	FALSE	kdsA	TRUE
b3574	yiaJ	b1232	purU	plaR	FALSE	purU	TRUE
b3574	yiaJ	b1236	galU	plaR	FALSE	galU	TRUE
b3574	yiaJ	b1249	clsA	plaR	FALSE	clsA	TRUE
b3574	yiaJ	b1274	topA	plaR	FALSE	topA	TRUE
b3574	yiaJ	b1323	tyrR	plaR	FALSE	tyrR	TRUE
b3574	yiaJ	b1413	hrpA	plaR	FALSE	hrpA	TRUE
b3574	yiaJ	b1424	opgD	plaR	FALSE	opgD	TRUE
b3574	yiaJ	b1538	dcp	plaR	FALSE	dcp	TRUE
b3574	yiaJ	b1583	ynfB	plaR	FALSE	ynfB	TRUE
b3574	yiaJ	b1624	ydgJ	plaR	FALSE	ydgJ	TRUE
b3574	yiaJ	b1642	slyA	plaR	FALSE	slyA	TRUE
b3574	yiaJ	b1651	gloA	plaR	FALSE	gloA	TRUE
b3574	yiaJ	b1662	ribC	plaR	FALSE	ribC	TRUE
b3574	yiaJ	b1740	nadE	plaR	FALSE	nadE	TRUE
b3574	yiaJ	b1764	selD	plaR	FALSE	selD	TRUE
b3574	yiaJ	b1809	yoaB	plaR	FALSE	yoaB	TRUE
b3574	yiaJ	b1831	proQ	plaR	FALSE	proQ	TRUE
b3574	yiaJ	b1832	msrC	plaR	FALSE	msrC	TRUE
b3574	yiaJ	b1852	zwf	plaR	FALSE	zwf	TRUE
b3574	yiaJ	b1864	yebC	plaR	FALSE	yebC	TRUE
b3574	yiaJ	b1865	nudB	plaR	FALSE	nudB	TRUE
b3574	yiaJ	b1866	aspS	plaR	FALSE	aspS	TRUE
b3574	yiaJ	b1876	argS	plaR	FALSE	argS	TRUE
b3574	yiaJ	b1913	uvrC	plaR	FALSE	uvrC	TRUE
b3574	yiaJ	b1914	uvrY	plaR	FALSE	uvrY	TRUE
b3574	yiaJ	b1928	yedD	plaR	FALSE	yedD	TRUE
b3574	yiaJ	b1982	amn	plaR	FALSE	amn	TRUE
b3574	yiaJ	b2016	yeeZ	plaR	FALSE	yeeZ	TRUE
b3574	yiaJ	b2041	rfbB	plaR	FALSE	rfbB	TRUE
b3574	yiaJ	b2064	asmA	plaR	FALSE	asmA	TRUE
b3574	yiaJ	b2065	dcd	plaR	FALSE	dcd	TRUE
b3574	yiaJ	b2133	dld	plaR	FALSE	dld	TRUE
b3574	yiaJ	b2187	yejL	plaR	FALSE	yejL	TRUE
b3574	yiaJ	b2188	yejM	plaR	FALSE	yejM	TRUE
b3574	yiaJ	b2216	rcsD	plaR	FALSE	rcsD	TRUE
b3574	yiaJ	b2217	rcsB	plaR	FALSE	rcsB	TRUE
b3574	yiaJ	b2235	nrdB	plaR	FALSE	nrdB	TRUE
b3574	yiaJ	b2278	nuoL	plaR	FALSE	nuoL	TRUE
b3574	yiaJ	b2285	nuoE	plaR	FALSE	nuoE	TRUE
b3574	yiaJ	b2293	hxpA	plaR	FALSE	hxpA	TRUE
b3574	yiaJ	b2294	yfbU	plaR	FALSE	yfbU	TRUE
b3574	yiaJ	b2300	yfcE	plaR	FALSE	yfcE	TRUE
b3574	yiaJ	b2303	folX	plaR	FALSE	folX	TRUE
b3574	yiaJ	b2304	yfcH	plaR	FALSE	yfcH	TRUE
b3574	yiaJ	b2320	pdxB	plaR	FALSE	pdxB	TRUE
b3574	yiaJ	b2329	aroC	plaR	FALSE	aroC	TRUE
b3574	yiaJ	b2330	prmB	plaR	FALSE	prmB	TRUE
b3574	yiaJ	b2346	mlaA	plaR	FALSE	mlaA	TRUE
b3574	yiaJ	b2412	zipA	plaR	FALSE	zipA	TRUE
b3574	yiaJ	b2431	yfeX	plaR	FALSE	yfeX	TRUE
b3574	yiaJ	b2441	eutB	plaR	FALSE	eutB	TRUE
b3574	yiaJ	b2477	bamC	plaR	FALSE	bamC	TRUE
b3574	yiaJ	b2478	dapA	plaR	FALSE	dapA	TRUE
b3574	yiaJ	b2501	ppk	plaR	FALSE	ppk	TRUE
b3574	yiaJ	b2502	ppx	plaR	FALSE	ppx	TRUE
b3574	yiaJ	b2511	der	plaR	FALSE	der	TRUE
b3574	yiaJ	b2512	bamB	plaR	FALSE	bamB	TRUE
b3574	yiaJ	b2513	yfgM	plaR	FALSE	yfgM	TRUE
b3574	yiaJ	b2514	hisS	plaR	FALSE	hisS	TRUE
b3574	yiaJ	b2516	rodZ	plaR	FALSE	rodZ	TRUE
b3574	yiaJ	b2520	yfhM	plaR	FALSE	yfhM	TRUE
b3574	yiaJ	b2553	glnB	plaR	FALSE	glnB	TRUE
b3574	yiaJ	b2564	pdxJ	plaR	FALSE	pdxJ	TRUE
b3574	yiaJ	b2566	era	plaR	FALSE	era	TRUE
b3574	yiaJ	b2567	rnc	plaR	FALSE	rnc	TRUE
b3574	yiaJ	b2568	lepB	plaR	FALSE	lepB	TRUE
b3574	yiaJ	b2576	srmB	plaR	FALSE	srmB	TRUE
b3574	yiaJ	b2594	rluD	plaR	FALSE	rluD	TRUE
b3574	yiaJ	b2595	bamD	plaR	FALSE	bamD	TRUE
b3574	yiaJ	b2610	ffh	plaR	FALSE	ffh	TRUE
b3574	yiaJ	b2620	smpB	plaR	FALSE	smpB	TRUE
b3574	yiaJ	b2688	gshA	plaR	FALSE	gshA	TRUE
b3574	yiaJ	b2699	recA	plaR	FALSE	recA	TRUE
b3574	yiaJ	b2744	umpG	plaR	FALSE	umpG	TRUE
b3574	yiaJ	b2745	truD	plaR	FALSE	truD	TRUE
b3574	yiaJ	b2784	relA	plaR	FALSE	relA	TRUE
b3574	yiaJ	b2822	recC	plaR	FALSE	recC	TRUE
b3574	yiaJ	b2827	thyA	plaR	FALSE	thyA	TRUE
b3574	yiaJ	b2829	ptsP	plaR	FALSE	ptsP	TRUE
b3574	yiaJ	b2830	rppH	plaR	FALSE	rppH	TRUE
b3574	yiaJ	b2834	tas	plaR	FALSE	tas	TRUE
b3574	yiaJ	b2893	dsbC	plaR	FALSE	dsbC	TRUE
b3574	yiaJ	b2898	ygfZ	plaR	FALSE	ygfZ	TRUE
b3574	yiaJ	b2901	bglA	plaR	FALSE	bglA	TRUE
b3574	yiaJ	b2908	pepP	plaR	FALSE	pepP	TRUE
b3574	yiaJ	b2909	ygfB	plaR	FALSE	ygfB	TRUE
b3574	yiaJ	b2914	rpiA	plaR	FALSE	rpiA	TRUE
b3574	yiaJ	b2922	yggE	plaR	FALSE	yggE	TRUE
b3574	yiaJ	b2927	epd	plaR	FALSE	epd	TRUE
b3574	yiaJ	b2940	yqgC	plaR	FALSE	yqgC	TRUE
b3574	yiaJ	b2947	gshB	plaR	FALSE	gshB	TRUE
b3574	yiaJ	b2948	yqgE	plaR	FALSE	yqgE	TRUE
b3574	yiaJ	b2959	yggL	plaR	FALSE	yggL	TRUE
b3574	yiaJ	b2962	yggX	plaR	FALSE	yggX	TRUE
b3574	yiaJ	b2988	gss	plaR	FALSE	gss	TRUE
b3574	yiaJ	b3019	parC	plaR	FALSE	parC	TRUE
b3574	yiaJ	b3029	ygiN	plaR	FALSE	ygiN	TRUE
b3574	yiaJ	b3030	parE	plaR	FALSE	parE	TRUE
b3574	yiaJ	b3032	cpdA	plaR	FALSE	cpdA	TRUE
b3574	yiaJ	b3037	ygiB	plaR	FALSE	ygiB	TRUE
b3574	yiaJ	b3038	ygiC	plaR	FALSE	ygiC	TRUE
b3574	yiaJ	b3066	dnaG	plaR	FALSE	dnaG	TRUE
b3574	yiaJ	b3147	lpoA	plaR	FALSE	lpoA	TRUE
b3574	yiaJ	b3166	truB	plaR	FALSE	truB	TRUE
b3574	yiaJ	b3170	rimP	plaR	FALSE	rimP	TRUE
b3574	yiaJ	b3176	glmM	plaR	FALSE	glmM	TRUE
b3574	yiaJ	b3179	rlmE	plaR	FALSE	rlmE	TRUE
b3574	yiaJ	b3187	ispB	plaR	FALSE	ispB	TRUE
b3574	yiaJ	b3189	murA	plaR	FALSE	murA	TRUE
b3574	yiaJ	b3191	mlaB	plaR	FALSE	mlaB	TRUE
b3574	yiaJ	b3192	mlaC	plaR	FALSE	mlaC	TRUE
b3574	yiaJ	b3197	kdsD	plaR	FALSE	kdsD	TRUE
b3574	yiaJ	b3199	lptC	plaR	FALSE	lptC	TRUE
b3574	yiaJ	b3200	lptA	plaR	FALSE	lptA	TRUE
b3574	yiaJ	b3201	lptB	plaR	FALSE	lptB	TRUE
b3574	yiaJ	b3202	rpoN	plaR	FALSE	rpoN	TRUE
b3574	yiaJ	b3204	ptsN	plaR	FALSE	ptsN	TRUE
b3574	yiaJ	b3205	rapZ	plaR	FALSE	rapZ	TRUE
b3574	yiaJ	b3210	arcB	plaR	FALSE	arcB	TRUE
b3574	yiaJ	b3228	sspB	plaR	FALSE	sspB	TRUE
b3574	yiaJ	b3229	sspA	plaR	FALSE	sspA	TRUE
b3574	yiaJ	b3233	yhcB	plaR	FALSE	yhcB	TRUE
b3574	yiaJ	b3244	tldD	plaR	FALSE	tldD	TRUE
b3574	yiaJ	b3247	rng	plaR	FALSE	rng	TRUE
b3574	yiaJ	b3279	yrdA	plaR	FALSE	yrdA	TRUE
b3574	yiaJ	b3283	yrdD	plaR	FALSE	yrdD	TRUE
b3574	yiaJ	b3287	def	plaR	FALSE	def	TRUE
b3574	yiaJ	b3288	fmt	plaR	FALSE	fmt	TRUE
b3574	yiaJ	b3291	mscL	plaR	FALSE	mscL	TRUE
b3574	yiaJ	b3346	yheO	plaR	FALSE	yheO	TRUE
b3574	yiaJ	b3352	yheS	plaR	FALSE	yheS	TRUE
b3574	yiaJ	b3384	trpS	plaR	FALSE	trpS	TRUE
b3574	yiaJ	b3385	gph	plaR	FALSE	gph	TRUE
b3574	yiaJ	b3386	rpe	plaR	FALSE	rpe	TRUE
b3574	yiaJ	b3388	damX	plaR	FALSE	damX	TRUE
b3574	yiaJ	b3389	aroB	plaR	FALSE	aroB	TRUE
b3574	yiaJ	b3390	aroK	plaR	FALSE	aroK	TRUE
b3574	yiaJ	b3431	glgX	plaR	FALSE	glgX	TRUE
b3574	yiaJ	b3461	rpoH	plaR	FALSE	rpoH	TRUE
b3574	yiaJ	b3493	pitA	plaR	FALSE	pitA	TRUE
b3574	yiaJ	b3500	gor	plaR	FALSE	gor	TRUE
b3574	yiaJ	b3551	bisC	plaR	FALSE	bisC	TRUE
b3574	yiaJ	b3553	ghrB	plaR	FALSE	ghrB	TRUE
b3574	yiaJ	b3554	yiaF	plaR	FALSE	yiaF	TRUE
b3574	yiaJ	b3590	selB	plaR	FALSE	selB	TRUE
b3574	yiaJ	b3607	cysE	plaR	FALSE	cysE	TRUE
b3574	yiaJ	b3608	gpsA	plaR	FALSE	gpsA	TRUE
b3574	yiaJ	b3611	yibN	plaR	FALSE	yibN	TRUE
b3574	yiaJ	b3639	dfp	plaR	FALSE	dfp	TRUE
b3574	yiaJ	b3640	dut	plaR	FALSE	dut	TRUE
b3574	yiaJ	b3648	gmk	plaR	FALSE	gmk	TRUE
b3574	yiaJ	b3649	rpoZ	plaR	FALSE	rpoZ	TRUE
b3574	yiaJ	b3699	gyrB	plaR	FALSE	gyrB	TRUE
b3574	yiaJ	b3701	dnaN	plaR	FALSE	dnaN	TRUE
b3574	yiaJ	b3702	dnaA	plaR	FALSE	dnaA	TRUE
b3574	yiaJ	b3741	mnmG	plaR	FALSE	mnmG	TRUE
b3574	yiaJ	b3742	mioC	plaR	FALSE	mioC	TRUE
b3574	yiaJ	b3779	gpp	plaR	FALSE	gpp	TRUE
b3574	yiaJ	b3780	rhlB	plaR	FALSE	rhlB	TRUE
b3574	yiaJ	b3802	hemY	plaR	FALSE	hemY	TRUE
b3574	yiaJ	b3805	hemC	plaR	FALSE	hemC	TRUE
b3574	yiaJ	b3813	uvrD	plaR	FALSE	uvrD	TRUE
b3574	yiaJ	b3833	ubiE	plaR	FALSE	ubiE	TRUE
b3574	yiaJ	b3838	tatB	plaR	FALSE	tatB	TRUE
b3574	yiaJ	b3843	ubiD	plaR	FALSE	ubiD	TRUE
b3574	yiaJ	b3844	fre	plaR	FALSE	fre	TRUE
b3574	yiaJ	b3847	pepQ	plaR	FALSE	pepQ	TRUE
b3574	yiaJ	b3859	srkA	plaR	FALSE	srkA	TRUE
b3574	yiaJ	b3863	polA	plaR	FALSE	polA	TRUE
b3574	yiaJ	b3867	hemN	plaR	FALSE	hemN	TRUE
b3574	yiaJ	b3911	cpxA	plaR	FALSE	cpxA	TRUE
b3574	yiaJ	b3912	cpxR	plaR	FALSE	cpxR	TRUE
b3574	yiaJ	b3931	hslU	plaR	FALSE	hslU	TRUE
b3574	yiaJ	b3957	argE	plaR	FALSE	argE	TRUE
b3574	yiaJ	b3961	oxyR	plaR	FALSE	oxyR	TRUE
b3574	yiaJ	b3963	fabR	plaR	FALSE	fabR	TRUE
b3574	yiaJ	b3964	yijD	plaR	FALSE	yijD	TRUE
b3574	yiaJ	b3965	trmA	plaR	FALSE	trmA	TRUE
b3574	yiaJ	b3997	hemE	plaR	FALSE	hemE	TRUE
b3574	yiaJ	b4041	plsB	plaR	FALSE	plsB	TRUE
b3574	yiaJ	b4043	lexA	plaR	FALSE	lexA	TRUE
b3574	yiaJ	b4052	dnaB	plaR	FALSE	dnaB	TRUE
b3574	yiaJ	b4059	ssb	plaR	FALSE	ssb	TRUE
b3574	yiaJ	b4138	dcuA	plaR	FALSE	dcuA	TRUE
b3574	yiaJ	b4144	yjeI	plaR	FALSE	yjeI	TRUE
b3574	yiaJ	b4160	psd	plaR	FALSE	psd	TRUE
b3574	yiaJ	b4161	rsgA	plaR	FALSE	rsgA	TRUE
b3574	yiaJ	b4170	mutL	plaR	FALSE	mutL	TRUE
b3574	yiaJ	b4173	hflX	plaR	FALSE	hflX	TRUE
b3574	yiaJ	b4175	hflC	plaR	FALSE	hflC	TRUE
b3574	yiaJ	b4179	rnr	plaR	FALSE	rnr	TRUE
b3574	yiaJ	b4221	tamB	plaR	FALSE	tamB	TRUE
b3574	yiaJ	b4222	ytfP	plaR	FALSE	ytfP	TRUE
b3574	yiaJ	b4233	mpl	plaR	FALSE	mpl	TRUE
b3574	yiaJ	b4235	pmbA	plaR	FALSE	tldE	FALSE
b3574	yiaJ	b4255	rraB	plaR	FALSE	rraB	TRUE
b3574	yiaJ	b4260	pepA	plaR	FALSE	pepA	TRUE
b3574	yiaJ	b4295	yjhU	plaR	FALSE	yjhU	TRUE
b3574	yiaJ	b4396	rob	plaR	FALSE	rob	TRUE
b3574	yiaJ	b4492	ydbA	plaR	FALSE	ydbA	TRUE
b3574	yiaJ	b4558	yifL	plaR	FALSE	yifL	TRUE
b4365	yjjQ	b0926	ycbK	yjjQ	TRUE	mepK	FALSE
b4365	yjjQ	b4235	pmbA	yjjQ	TRUE	tldE	FALSE
b3010	yqhC	b0926	ycbK	yqhC	TRUE	mepK	FALSE
b3010	yqhC	b4235	pmbA	yqhC	TRUE	tldE	FALSE
b3292	zntR	b0926	ycbK	zntR	TRUE	mepK	FALSE
b3292	zntR	b4235	pmbA	zntR	TRUE	tldE	FALSE
b4004	zraR	b0926	ycbK	zraR	TRUE	mepK	FALSE
b4004	zraR	b4235	pmbA	zraR	TRUE	tldE	FALSE
b4046	zur	b0926	ycbK	zur	TRUE	mepK	FALSE
b4046	zur	b4235	pmbA	zur	TRUE	tldE	FALSE
